sem,zad,page
1,1.1,10
1,1.2,10
1,1.3,10
1,1.4,11
1,1.5,11
1,1.6,0
1,1.7,15
1,1.8,0
1,1.9,12
1,1.10,24
1,1.11,25
1,1.12,0
1,1.13,21
1,1.14,0
1,1.15,21
1,1.16,19
1,1.17,20
1,1.18,22
1,1.19,21
1,1.20,21
1,1.21,23
1,1.22,0
1,1.23,0
1,1.24,0
1,1.25,0
1,1.26,0
1,2.1,33
1,2.2,35
1,2.3,0
1,2.4,35
1,2.5,0
1,2.6,0
1,2.7,37
1,2.8,0
1,2.9,0
1,2.10,36
1,2.11,0
1,2.12,36
1,2.13,38
1,2.14,39
1,2.15,0
1,2.16,40
1,2.17,0
1,2.18,41
1,2.19,41
1,2.20,42
1,2.21,42
1,2.22,43
1,2.23,0
1,2.24,44
1,2.25,49
1,2.26,0
1,2.27,49
1,2.28,0
1,2.29,0
1,2.30,0
1,2.31,30
1,2.32,31
1,2.33,0
1,2.34,0
1,2.35,35
1,2.36,34
1,2.37,35
1,2.38,35
1,2.39,35
1,2.40,0
1,2.41,0
1,2.42,34
1,2.43,45
1,2.44,46
1,2.45,0
1,2.46,46
1,2.47,0
1,2.48,0
1,2.49,0
1,2.50,0
1,2.51,0
1,2.52,0
1,2.53,0
1,2.54,47
1,2.55,47
1,2.56,47
1,2.57,0
1,2.58,0
1,2.59,0
1,2.60,0
1,2.61,0
1,2.62,0
1,2.63,48
1,2.64,48
1,2.65,32
1,2.66,44
1,2.67,0
1,2.68,31
1,2.69,34
1,2.70,31
1,2.71,0
1,2.72,0
1,2.73,0
1,2.74,0
1,2.75,0
1,2.76,0
1,2.77,0
1,2.78,0
1,2.79,0
1,2.80,0
1,2.81,0
1,2.82,0
1,2.83,0
1,2.84,0
1,2.85,0
1,2.86,0
1,2.87,0
1,3.1,51
1,3.2,52
1,3.3,53
1,3.4,53
1,3.5,0
1,3.6,51
1,3.7,51
1,3.8,54
1,3.9,0
1,3.10,0
1,3.11,52
1,3.12,0
1,3.13,0
1,3.14,0
1,3.15,0
1,3.16,0
1,3.17,0
1,3.18,0
1,3.19,0
1,3.20,0
1,3.21,58
1,3.22,0
1,3.23,0
1,3.24,59
1,3.25,61
1,3.26,61
1,3.27,0
1,3.28,0
1,3.29,59
1,3.30,59
1,3.31,60
1,3.32,0
1,3.33,59
1,3.34,0
1,3.35,55
1,3.36,0
1,3.37,56
1,3.38,0
1,3.39,0
1,3.40,0
1,3.41,56
1,3.42,57
1,3.43,58
1,3.44,61
1,3.45,61
1,3.46,0
1,3.47,0
1,3.48,55
1,3.49,57
1,3.50,60
1,3.51,60
1,3.52,0
1,3.53,62
1,3.54,62
1,3.55,0
1,3.56,55
1,3.57,55
1,3.58,0
1,3.59,0
1,3.60,60
1,3.61,58
1,3.62,0
1,3.63,0
1,3.64,0
1,3.65,0
1,3.66,0
1,3.67,0
1,3.68,0
1,3.69,0
1,3.70,0
1,3.71,0
1,3.72,0
1,3.73,0
1,3.74,0
1,3.75,0
1,3.76,0
1,3.77,0
1,3.78,0
1,3.79,0
1,4.1,65
1,4.2,63
1,4.3,63
1,4.4,63
1,4.5,77
1,4.6,77
1,4.7,0
1,4.8,0
1,4.9,77
1,4.10,78
1,4.11,82
1,4.12,0
1,4.13,0
1,4.14,0
1,4.15,78
1,4.16,66
1,4.17,0
1,4.18,65
1,4.19,67
1,4.20,78
1,4.21,0
1,4.22,83
1,4.23,0
1,4.24,0
1,4.25,84
1,4.26,84
1,4.27,0
1,4.28,75
1,4.29,0
1,4.30,69
1,4.31,75
1,4.32,79
1,4.33,0
1,4.34,0
1,4.35,76
1,4.36,72
1,4.37,80
1,4.38,0
1,4.39,0
1,4.40,67
1,4.41,73
1,4.42,0
1,4.43,0
1,4.44,68
1,4.45,65
1,4.46,0
1,4.47,82
1,4.48,64
1,4.49,64
1,4.50,0
1,4.51,66
1,4.52,73
1,4.53,0
1,4.54,70
1,4.55,69
1,4.56,70
1,4.57,0
1,4.58,90
1,4.59,89
1,4.60,0
1,4.61,77
1,4.62,0
1,4.63,0
1,4.64,69
1,4.65,0
1,4.66,79
1,4.67,0
1,4.68,0
1,4.69,0
1,4.70,86
1,4.71,87
1,4.72,86
1,4.73,88
1,4.74,88
1,4.75,88
1,4.76,91
1,4.77,89
1,4.78,89
1,4.79,0
1,4.80,74
1,4.81,95
1,4.82,94
1,4.83,75
1,4.84,0
1,4.85,0
1,4.86,87
1,4.87,95
1,4.88,78
1,4.89,0
1,4.90,94
1,4.91,94
1,4.92,0
1,4.93,93
1,4.94,91
1,4.95,0
1,4.96,91
1,4.97,0
1,4.98,92
1,4.99,0
1,4.100,0
1,4.101,0
1,4.102,0
1,4.103,0
1,4.104,90
1,4.105,90
1,4.106,0
1,4.107,0
1,4.108,96
1,4.109,91
1,4.110,0
1,4.111,0
1,4.112,0
1,4.113,91
1,4.114,91
1,4.115,0
1,4.116,80
1,4.117,0
1,4.118,0
1,4.119,72
1,4.120,70
1,4.121,0
1,4.122,0
1,4.123,0
1,4.124,0
1,4.125,0
1,4.126,0
1,4.127,0
1,4.128,0
1,4.129,0
1,4.130,0
1,4.131,0
1,4.132,0
1,4.133,0
1,4.134,0
1,4.135,0
1,4.136,0
1,4.137,0
1,4.138,0
1,4.139,0
1,4.140,0
1,4.141,0
1,4.142,0
1,5.1,109
1,5.2,109
1,5.3,0
1,5.4,0
1,5.5,109
1,5.6,112
1,5.7,112
1,5.8,112
1,5.9,105
1,5.10,111
1,5.11,112
1,5.12,112
1,5.13,105
1,5.14,113
1,5.15,104
1,5.16,105
1,5.17,104
1,5.18,104
1,5.19,0
1,5.20,105
1,5.21,106
1,5.22,114
1,5.23,0
1,5.24,0
1,5.25,115
1,5.26,101
1,5.27,115
1,5.28,110
1,5.29,110
1,5.30,113
1,5.31,111
1,5.32,111
1,5.33,116
1,5.34,116
1,5.35,113
1,5.36,0
1,5.37,112
1,5.38,0
1,5.39,109
1,5.40,0
1,5.41,116
1,5.42,117
1,5.43,117
1,5.44,102
1,5.45,0
1,5.46,124
1,5.47,0
1,5.48,0
1,5.49,0
1,5.50,106
1,5.51,0
1,5.52,0
1,5.53,0
1,5.54,107
1,5.55,106
1,5.56,121
1,5.57,0
1,5.58,0
1,5.59,105
1,5.60,0
1,5.61,0
1,5.62,119
1,5.63,108
1,5.64,0
1,5.65,0
1,5.66,0
1,5.67,118
1,5.68,118
1,5.69,0
1,5.70,0
1,5.71,118
1,5.72,0
1,5.73,0
1,5.74,0
1,5.75,0
1,5.76,0
1,5.77,0
1,5.78,0
1,6.1,127
1,6.2,130
1,6.3,131
1,6.4,131
1,6.5,132
1,6.6,131
1,6.7,130
1,6.8,129
1,6.9,128
1,6.10,133
1,6.11,128
1,6.12,133
1,6.13,133
1,6.14,0
1,6.15,133
1,6.16,133
1,6.17,0
1,6.18,0
1,7.1,148
1,7.2,147
1,7.3,147
1,7.4,143
1,7.5,151
1,7.6,0
1,7.7,153
1,7.8,0
1,7.9,145
1,7.10,149
1,7.11,149
1,7.12,149
1,7.13,0
1,7.14,0
1,7.15,161
1,7.16,161
1,7.17,0
1,7.18,157
1,7.19,0
1,7.20,152
1,7.21,0
1,7.22,154
1,7.23,146
1,7.24,155
1,7.25,162
1,7.26,155
1,7.27,155
1,7.28,145
1,7.29,145
1,7.30,145
1,7.31,155
1,7.32,155
1,7.33,155
1,7.34,156
1,7.35,156
1,7.36,148
1,7.37,147
1,7.38,162
1,7.39,163
1,7.40,154
1,7.41,149
1,7.42,0
1,7.43,0
1,7.44,157
1,7.45,156
1,7.46,160
1,7.47,160
1,7.48,160
1,7.49,160
1,7.50,160
1,7.51,163
1,7.52,159
1,7.53,0
1,7.54,0
1,7.55,0
1,7.56,0
1,7.57,0
1,7.58,0
1,7.59,155
1,7.60,155
1,7.61,156
1,7.62,156
1,7.63,156
1,7.64,156
1,7.65,0
1,7.66,0
1,7.67,0
1,7.68,0
1,7.69,0
1,7.70,149
1,7.71,149
1,7.72,156
1,7.73,0
1,7.74,161
1,7.75,156
1,7.76,0
1,7.77,0
1,7.78,156
1,7.79,0
1,7.80,159
1,7.81,150
1,7.82,0
1,7.83,0
1,7.84,150
1,7.85,150
1,7.86,150
1,7.87,159
1,7.88,158
1,7.89,159
1,7.90,157
1,7.91,157
1,7.92,157
1,7.93,0
1,7.94,159
1,7.95,0
1,7.96,156
1,7.97,0
1,7.98,0
1,7.99,0
1,7.100,0
1,7.101,0
1,7.102,0
1,7.103,0
1,7.104,0
1,7.105,0
1,7.106,0
1,7.107,0
1,7.108,0
1,7.109,0
1,7.110,163
1,7.111,0
1,7.112,151
1,7.113,0
1,7.114,149
1,7.115,149
1,7.116,163
1,7.117,146
1,7.118,147
1,7.119,0
1,7.120,144
1,7.121,148
1,7.122,0
1,7.123,137
1,7.124,143
1,7.125,139
1,7.126,146
1,7.127,0
1,7.128,139
1,7.129,139
1,7.130,141
1,7.131,139
1,7.132,138
1,7.133,138
1,7.134,139
1,7.135,138
1,7.136,142
1,7.137,139
1,7.138,144
1,7.139,137
1,7.140,137
1,7.141,142
1,7.142,141
1,7.143,142
1,7.144,141
1,7.145,149
1,7.146,149
1,7.147,155
1,7.148,155
1,7.149,156
1,7.150,156
1,7.151,157
1,7.152,157
1,7.153,157
1,7.154,146
1,7.155,145
1,7.156,162
1,7.157,162
1,7.158,162
1,7.159,148
1,7.160,0
1,7.161,0
1,7.162,0
1,7.163,0
1,7.164,0
1,7.165,0
1,7.166,0
1,7.167,0
1,7.168,0
1,7.169,0
1,7.170,0
1,7.171,0
1,7.172,0
1,7.173,0
1,7.174,0
1,7.175,0
1,7.176,0
1,7.177,0
1,7.178,0
1,7.179,0
1,7.180,0
1,7.181,0
1,7.182,0
1,7.183,0
1,7.184,0
1,7.185,0
1,7.186,0
1,7.187,0
1,7.188,0
1,7.189,0
1,8.1,166
1,8.2,0
1,8.3,169
1,8.4,169
1,8.5,0
1,8.6,166
1,8.7,168
1,8.8,0
1,8.9,0
1,8.10,0
1,8.11,166
1,8.12,166
1,8.13,0
1,8.14,0
1,8.15,166
1,8.16,173
1,8.17,169
1,8.18,181
1,8.19,181
1,8.20,181
1,8.21,0
1,8.22,0
1,8.23,180
1,8.24,181
1,8.25,181
1,8.26,0
1,8.27,182
1,8.28,0
1,8.29,166
1,8.30,0
1,8.31,0
1,8.32,182
1,8.33,0
1,8.34,0
1,8.35,0
1,8.36,0
1,8.37,0
1,8.38,183
1,8.39,0
1,8.40,0
1,8.41,0
1,8.42,184
1,8.43,184
1,8.44,184
1,8.45,0
1,8.46,0
1,8.47,185
1,8.48,0
1,8.49,0
1,8.50,0
1,8.51,0
1,8.52,0
1,8.53,0
1,8.54,0
1,8.55,0
1,8.56,0
1,8.57,0
1,8.58,0
1,8.59,0
1,8.60,0
1,8.61,185
1,8.62,0
1,8.63,0
1,8.64,0
1,8.65,0
1,8.66,0
1,8.67,183
1,8.68,0
1,8.69,0
1,8.70,0
1,8.71,0
1,8.72,183
1,8.73,0
1,8.74,186
1,8.75,187
1,8.76,186
1,8.77,176
1,8.78,0
1,8.79,169
1,8.80,0
1,8.81,0
1,8.82,0
1,8.83,0
1,8.84,0
1,8.85,0
1,8.86,0
1,8.87,0
1,8.88,0
1,8.89,0
1,8.90,0
1,8.91,0
1,8.92,0
1,8.93,0
1,8.94,0
1,8.95,0
1,8.96,0
1,8.97,0
1,8.98,0
1,8.99,0
1,8.100,0
1,8.101,0
1,8.102,0
1,8.103,0
1,8.104,0
1,8.105,0
1,8.106,0
1,8.107,0
1,8.108,0
1,8.109,0
1,8.110,0
1,9.1,191
1,9.2,194
1,9.3,194
1,9.4,195
1,9.5,203
1,9.6,0
1,9.7,203
1,9.8,196
1,9.9,204
1,9.10,195
1,9.11,195
1,9.12,204
1,9.13,205
1,9.14,206
1,9.15,206
1,9.16,0
1,9.17,200
1,9.18,0
1,9.19,0
1,9.20,204
1,9.21,197
1,9.22,197
1,9.23,200
1,9.24,200
1,9.25,200
1,9.26,0
1,9.27,198
1,9.28,201
1,9.29,0
1,9.30,0
1,9.31,0
1,9.32,198
1,9.33,198
1,9.34,199
1,9.35,202
1,9.36,199
1,9.37,206
1,9.38,207
1,9.39,207
1,9.40,199
1,9.41,0
1,9.42,208
1,9.43,208
1,9.44,213
1,9.45,208
1,9.46,211
1,9.47,212
1,9.48,212
1,9.49,209
1,9.50,0
1,9.51,211
1,9.52,0
1,9.53,210
1,9.54,210
1,9.55,200
1,9.56,218
1,9.57,213
1,9.58,214
1,9.59,215
1,9.60,215
1,9.61,213
1,9.62,215
1,9.63,216
1,9.64,216
1,9.65,215
1,9.66,217
1,9.67,217
1,9.68,0
1,9.69,215
1,9.70,215
1,9.71,215
1,9.72,0
1,9.73,219
1,9.74,213
1,9.75,209
1,9.76,215
1,9.77,215
1,9.78,0
1,9.79,232
1,9.80,233
1,9.81,234
1,9.82,234
1,9.83,236
1,9.84,236
1,9.85,0
1,9.86,0
1,9.87,0
1,9.88,0
1,9.89,234
1,9.90,0
1,9.91,0
1,9.92,0
1,9.93,235
1,9.94,235
1,9.95,231
1,9.96,0
1,9.97,225
1,9.98,222
1,9.99,220
1,9.100,221
1,9.101,221
1,9.102,221
1,9.103,222
1,9.104,222
1,9.105,0
1,9.106,222
1,9.107,221
1,9.108,221
1,9.109,223
1,9.110,222
1,9.111,239
1,9.112,222
1,9.113,223
1,9.114,227
1,9.115,227
1,9.116,0
1,9.117,0
1,9.118,228
1,9.119,0
1,9.120,227
1,9.121,0
1,9.122,226
1,9.123,229
1,9.124,229
1,9.125,0
1,9.126,228
1,9.127,229
1,9.128,202
1,9.129,0
1,9.130,0
1,9.131,0
1,9.132,0
1,9.133,239
1,9.134,239
1,9.135,240
1,9.136,0
1,9.137,230
1,9.138,0
1,9.139,0
1,9.140,0
1,9.141,0
1,9.142,0
1,9.143,0
1,9.144,0
1,9.145,0
1,9.146,198
1,9.147,0
1,9.148,198
1,9.149,225
1,9.150,223
1,9.151,229
1,9.152,224
1,9.153,224
1,9.154,229
1,9.155,242
1,9.156,241
1,9.157,242
1,9.158,242
1,9.159,207
1,9.160,207
1,9.161,237
1,9.162,238
1,9.163,238
1,9.164,238
1,9.165,238
1,9.166,237
1,9.167,233
1,9.168,235
1,9.169,190
1,9.170,191
1,9.171,193
1,9.172,204
1,9.173,243
1,9.174,231
1,9.175,230
1,9.176,227
1,9.177,228
1,9.178,242
1,9.179,243
1,9.180,232
1,9.181,212
1,9.182,212
1,9.183,0
1,9.184,0
1,9.185,0
1,9.186,0
1,9.187,0
1,9.188,0
1,9.189,0
1,9.190,0
1,9.191,0
1,9.192,0
1,9.193,0
1,9.194,0
1,9.195,0
1,9.196,0
1,9.197,0
1,9.198,0
1,10.1,247
1,10.2,0
1,10.3,248
1,10.4,249
1,10.5,250
1,10.6,247
1,10.7,0
1,10.8,245
1,10.9,247
1,10.10,258
1,10.11,252
1,10.12,253
1,10.13,252
1,10.14,253
1,10.15,255
1,10.16,256
1,10.17,259
1,10.18,259
1,10.19,258
1,10.20,255
1,10.21,259
1,10.22,253
1,10.23,254
1,10.24,254
1,10.25,254
1,10.26,259
1,10.27,256
1,10.28,257
1,10.29,257
1,10.30,255
1,10.31,254
1,10.32,247
1,10.33,248
1,10.34,263
1,10.35,264
1,10.36,265
1,10.37,249
1,10.38,247
1,10.39,245
1,10.40,260
1,10.41,261
1,10.42,246
1,10.43,246
1,10.44,266
1,10.45,265
1,10.46,262
1,10.47,261
1,10.48,249
1,10.49,248
1,10.50,250
1,10.51,262
1,10.52,250
1,10.53,267
1,10.54,266
1,10.55,267
1,10.56,268
1,10.57,268
1,10.58,266
1,10.59,268
1,10.60,252
1,10.61,252
1,10.62,279
1,10.63,276
1,10.64,276
1,10.65,276
1,10.66,276
1,10.67,0
1,10.68,281
1,10.69,281
1,10.70,283
1,10.71,280
1,10.72,280
1,10.73,249
1,10.74,0
1,10.75,0
1,10.76,0
1,10.77,0
1,10.78,0
1,10.79,0
1,10.80,0
1,10.81,0
1,10.82,0
1,10.83,0
1,10.84,0
1,10.85,0
1,11.1,287
1,11.2,288
1,11.3,297
1,11.4,289
1,11.5,289
1,11.6,289
1,11.7,289
1,11.8,289
1,11.9,289
1,11.10,289
1,11.11,292
1,11.12,289
1,11.13,287
1,11.14,290
1,11.15,292
1,11.16,288
1,11.17,288
1,11.18,294
1,11.19,289
1,11.20,290
1,11.21,290
1,11.22,295
1,11.23,296
1,11.24,297
1,11.25,0
1,11.26,0
1,11.27,0
1,11.28,0
1,11.29,0
1,11.30,0
1,11.31,0
1,11.32,0
1,11.33,0
1,11.34,0
1,11.35,0
1,12.1,298
1,12.2,298
1,12.3,299
1,12.4,0
1,12.5,326
1,12.6,324
1,12.7,324
1,12.8,325
1,12.9,326
1,12.10,318
1,12.11,326
1,12.12,326
1,12.13,315
1,12.14,321
1,12.15,322
1,12.16,319
1,12.17,325
1,12.18,326
1,12.19,314
1,12.20,315
1,12.21,0
1,12.22,311
1,12.23,311
1,12.24,311
1,12.25,311
1,12.26,313
1,12.27,316
1,12.28,316
1,12.29,322
1,12.30,309
1,12.31,318
1,12.32,310
1,12.33,310
1,12.34,325
1,12.35,325
1,12.36,302
1,12.37,301
1,12.38,303
1,12.39,303
1,12.40,302
1,12.41,302
1,12.42,302
1,12.43,304
1,12.44,306
1,12.45,302
1,12.46,306
1,12.47,308
1,12.48,303
1,12.49,304
1,12.50,307
1,12.51,307
1,12.52,310
1,12.53,310
1,12.54,309
1,12.55,307
1,12.56,301
1,12.57,0
1,12.58,318
1,12.59,313
1,12.60,316
1,12.61,308
1,12.62,308
1,12.63,305
1,12.64,308
1,12.65,309
1,12.66,312
1,12.67,320
1,12.68,320
1,12.69,320
1,12.70,319
1,12.71,319
1,12.72,327
1,12.73,327
1,12.74,327
1,12.75,318
1,12.76,301
1,12.77,301
1,12.78,301
1,12.79,303
1,12.80,316
1,12.81,311
1,12.82,311
1,12.83,312
1,12.84,312
1,12.85,0
1,12.86,0
1,12.87,0
1,12.88,0
1,12.89,0
1,12.90,0
1,12.91,0
1,12.92,0
1,12.93,0
1,12.94,0
1,12.95,0
1,12.96,0
1,12.97,0
1,12.98,0
1,13.1,338
1,13.2,333
1,13.3,340
1,13.4,334
1,13.5,345
1,13.6,342
1,13.7,334
1,13.8,333
1,13.9,335
1,13.10,342
1,13.11,343
1,13.12,341
1,13.13,0
1,13.14,332
1,13.15,341
1,13.16,339
1,13.17,332
1,13.18,340
1,13.19,340
1,13.20,332
1,13.21,332
1,13.22,333
1,13.23,333
1,13.24,336
1,13.25,336
1,13.26,336
1,13.27,336
1,13.28,336
1,13.29,0
1,13.30,338
1,13.31,338
1,13.32,0
1,13.33,336
1,13.34,337
1,13.35,337
1,13.36,335
1,13.37,0
1,13.38,344
1,13.39,346
1,13.40,347
1,13.41,342
1,13.42,338
1,13.43,337
1,13.44,337
1,13.45,338
1,13.46,347
1,13.47,0
1,13.48,0
1,13.49,0
1,13.50,0
1,13.51,0
1,13.52,0
1,13.53,0
1,13.54,0
1,13.55,0
1,13.56,0
1,13.57,0
1,13.58,0
1,13.59,0
1,13.60,0
1,13.61,0
1,13.62,0
1,14.1,357
1,14.2,351
1,14.3,352
1,14.4,352
1,14.5,356
1,14.6,352
1,14.7,353
1,14.8,354
1,14.9,354
1,14.10,357
1,14.11,355
1,14.12,355
1,14.13,356
1,14.14,353
1,14.15,358
1,14.16,359
1,14.17,359
1,14.18,360
1,14.19,360
1,14.20,365
1,14.21,365
1,14.22,366
1,14.23,366
1,14.24,367
1,14.25,367
1,14.26,368
1,14.27,364
1,14.28,364
1,14.29,368
1,14.30,364
1,14.31,369
1,14.32,371
1,14.33,374
1,14.34,373
1,14.35,363
1,14.36,359
1,14.37,0
1,14.38,0
1,14.39,0
1,14.40,0
1,14.41,0
1,14.42,0
1,14.43,0
1,14.44,0
1,14.45,0
1,14.46,0
1,14.47,0
1,14.48,0
1,14.49,0
1,14.50,0
1,14.51,0
1,14.52,0
2,1.1,40
2,1.2,40
2,1.3,40
2,1.4,0
2,1.5,40
2,1.6,0
2,1.7,41
2,1.8,11
2,1.9,11
2,1.10,10
2,1.11,12
2,1.12,13
2,1.13,14
2,1.14,13
2,1.15,11
2,1.16,11
2,1.17,9
2,1.18,9
2,1.19,9
2,1.20,13
2,1.21,11
2,1.22,0
2,1.23,14
2,1.24,43
2,1.25,12
2,1.26,31
2,1.27,0
2,1.28,15
2,1.29,0
2,1.30,0
2,1.31,15
2,1.32,16
2,1.33,21
2,1.34,17
2,1.35,18
2,1.36,25
2,1.37,17
2,1.38,26
2,1.39,0
2,1.40,27
2,1.41,28
2,1.42,0
2,1.43,30
2,1.44,26
2,1.45,0
2,1.46,0
2,1.47,0
2,1.48,27
2,1.49,28
2,1.50,25
2,1.51,25
2,1.52,25
2,1.53,31
2,1.54,34
2,1.55,0
2,1.56,35
2,1.57,37
2,1.58,39
2,1.59,29
2,1.60,36
2,1.61,29
2,1.62,18
2,1.63,33
2,1.64,26
2,1.65,16
2,1.66,32
2,1.67,32
2,1.68,33
2,1.69,0
2,1.70,25
2,1.71,19
2,1.72,34
2,1.73,0
2,1.74,23
2,1.75,22
2,1.76,23
2,1.77,0
2,1.78,24
2,1.79,22
2,1.80,22
2,1.81,0
2,1.82,9
2,1.83,22
2,1.84,20
2,1.85,0
2,1.86,38
2,1.87,38
2,1.88,38
2,1.89,39
2,1.90,43
2,1.91,43
2,1.92,42
2,1.93,42
2,1.94,42
2,1.95,43
2,1.96,19
2,1.97,19
2,1.98,20
2,1.99,17
2,1.100,0
2,1.101,0
2,1.102,0
2,1.103,0
2,2.1,47
2,2.2,47
2,2.3,47
2,2.4,48
2,2.5,49
2,2.6,48
2,2.7,48
2,2.8,48
2,2.9,0
2,2.10,53
2,2.11,53
2,2.12,53
2,2.13,54
2,2.14,54
2,2.15,53
2,2.16,54
2,2.17,53
2,2.18,52
2,2.19,54
2,2.20,54
2,2.21,51
2,2.22,54
2,2.23,53
2,2.24,49
2,3.1,57
2,3.2,56
2,3.3,57
2,3.4,58
2,3.5,71
2,3.6,70
2,3.7,68
2,3.8,69
2,3.9,73
2,3.10,69
2,3.11,71
2,3.12,72
2,3.13,0
2,3.14,73
2,3.15,0
2,3.16,70
2,3.17,0
2,3.18,0
2,3.19,75
2,3.20,0
2,3.21,0
2,3.22,0
2,3.23,0
2,3.24,61
2,3.25,61
2,3.26,61
2,3.27,63
2,3.28,68
2,3.29,59
2,3.30,60
2,3.31,60
2,3.32,63
2,3.33,62
2,3.34,62
2,3.35,58
2,3.36,0
2,3.37,63
2,3.38,0
2,3.39,0
2,3.40,58
2,3.41,64
2,3.42,65
2,3.43,60
2,3.44,59
2,3.45,0
2,3.46,0
2,3.47,0
2,3.48,0
2,3.49,0
2,3.50,0
2,3.51,0
2,3.52,0
2,4.1,77
2,4.2,89
2,4.3,0
2,4.4,78
2,4.5,77
2,4.6,0
2,4.7,0
2,4.8,78
2,4.9,0
2,4.10,80
2,4.11,80
2,4.12,82
2,4.13,0
2,4.14,0
2,4.15,0
2,4.16,80
2,4.17,82
2,4.18,82
2,4.19,84
2,4.20,84
2,4.21,79
2,4.22,84
2,4.23,84
2,4.24,0
2,4.25,79
2,4.26,79
2,4.27,88
2,4.28,89
2,4.29,89
2,4.30,93
2,4.31,93
2,4.32,90
2,4.33,91
2,4.34,0
2,4.35,90
2,4.36,0
2,4.37,93
2,4.38,100
2,4.39,97
2,4.40,102
2,4.41,94
2,4.42,96
2,4.43,101
2,4.44,101
2,4.45,0
2,4.46,0
2,4.47,100
2,4.48,0
2,4.49,102
2,4.50,0
2,4.51,0
2,4.52,0
2,4.53,0
2,4.54,0
2,4.55,0
2,4.56,96
2,4.57,96
2,4.58,94
2,4.59,101
2,4.60,76
2,4.61,0
2,4.62,0
2,4.63,92
2,4.64,0
2,4.65,92
2,4.66,0
2,4.67,95
2,4.68,0
2,4.69,98
2,4.70,99
2,4.71,84
2,4.72,85
2,4.73,86
2,4.74,87
2,4.75,0
2,4.76,0
2,4.77,95
2,4.78,0
2,4.79,0
2,4.80,0
2,4.81,0
2,4.82,0
2,4.83,0
2,4.84,0
2,4.85,0
2,5.1,107
2,5.2,110
2,5.3,109
2,5.4,111
2,5.5,116
2,5.6,105
2,5.7,0
2,5.8,111
2,5.9,110
2,5.10,107
2,5.11,111
2,5.12,113
2,5.13,113
2,5.14,113
2,5.15,113
2,5.16,113
2,5.17,113
2,5.18,113
2,5.19,111
2,5.20,117
2,5.21,114
2,5.22,117
2,5.23,114
2,5.24,0
2,5.25,125
2,5.26,126
2,5.27,116
2,5.28,116
2,5.29,0
2,5.30,117
2,5.31,117
2,5.32,118
2,5.33,119
2,5.34,119
2,5.35,120
2,5.36,121
2,5.37,119
2,5.38,118
2,5.39,121
2,5.40,122
2,5.41,122
2,5.42,121
2,5.43,121
2,5.44,106
2,5.45,106
2,5.46,107
2,5.47,108
2,5.48,108
2,5.49,108
2,5.50,109
2,5.51,109
2,5.52,115
2,5.53,124
2,5.54,124
2,5.55,0
2,5.56,0
2,5.57,0
2,5.58,0
2,5.59,0
2,5.60,0
2,5.61,0
2,5.62,0
2,5.63,0
2,5.64,0
2,5.65,0
2,5.66,0
2,5.67,0
2,5.68,0
2,5.69,0
2,5.70,0
2,5.71,0
2,5.72,0
2,5.73,0
2,5.74,0
2,5.75,0
2,5.76,0
2,6.1,0
2,6.2,131
2,6.3,0
2,6.4,130
2,6.5,0
2,6.6,129
2,6.7,132
2,6.8,0
2,6.9,0
2,6.10,128
2,6.11,128
2,6.12,148
2,6.13,0
2,6.14,132
2,6.15,133
2,6.16,0
2,6.17,134
2,6.18,134
2,6.19,129
2,6.20,136
2,6.21,129
2,6.22,139
2,6.23,0
2,6.24,139
2,6.25,139
2,6.26,140
2,6.27,140
2,6.28,138
2,6.29,140
2,6.30,145
2,6.31,138
2,6.32,146
2,6.33,138
2,6.34,138
2,6.35,137
2,6.36,137
2,6.37,143
2,6.38,137
2,6.39,143
2,6.40,143
2,6.41,144
2,6.42,144
2,6.43,136
2,6.44,142
2,6.45,141
2,6.46,142
2,6.47,142
2,6.48,141
2,6.49,141
2,6.50,139
2,6.51,149
2,6.52,141
2,6.53,145
2,6.54,0
2,6.55,145
2,6.56,147
2,6.57,146
2,6.58,0
2,6.59,130
2,6.60,139
2,6.61,152
2,6.62,151
2,6.63,151
2,6.64,150
2,6.65,0
2,6.66,153
2,6.67,155
2,6.68,155
2,6.69,155
2,6.70,155
2,6.71,154
2,6.72,154
2,6.73,154
2,6.74,149
2,6.75,155
2,6.76,0
2,6.77,156
2,6.78,156
2,6.79,136
2,6.80,0
2,6.81,0
2,6.82,0
2,6.83,0
2,6.84,0
2,6.85,0
2,6.86,0
2,6.87,0
2,6.88,0
2,7.1,160
2,7.2,161
2,7.3,163
2,7.4,164
2,7.5,160
2,7.6,0
2,7.7,0
2,7.8,164
2,7.9,164
2,7.10,0
2,7.11,163
2,7.12,0
2,7.13,162
2,7.14,165
2,7.15,163
2,7.16,166
2,7.17,166
2,7.18,166
2,7.19,168
2,7.20,184
2,7.21,171
2,7.22,170
2,7.23,171
2,7.24,173
2,7.25,179
2,7.26,180
2,7.27,180
2,7.28,181
2,7.29,0
2,7.30,180
2,7.31,178
2,7.32,183
2,7.33,0
2,7.34,177
2,7.35,179
2,7.36,177
2,7.37,168
2,7.38,0
2,7.39,181
2,7.40,181
2,7.41,175
2,7.42,175
2,7.43,0
2,7.44,175
2,7.45,179
2,7.46,0
2,7.47,202
2,7.48,180
2,7.49,183
2,7.50,169
2,7.51,167
2,7.52,173
2,7.53,178
2,7.54,173
2,7.55,170
2,7.56,170
2,7.57,170
2,7.58,172
2,7.59,173
2,7.60,173
2,7.61,178
2,7.62,184
2,7.63,0
2,7.64,186
2,7.65,186
2,7.66,187
2,7.67,177
2,7.68,0
2,7.69,0
2,7.70,0
2,7.71,0
2,7.72,0
2,7.73,0
2,7.74,0
2,7.75,0
2,7.76,0
2,7.77,0
2,7.78,0
2,7.79,0
2,7.80,0
2,7.81,0
2,7.82,0
2,7.83,0
2,8.1,189
2,8.2,189
2,8.3,0
2,8.4,194
2,8.5,192
2,8.6,194
2,8.7,194
2,8.8,201
2,8.9,190
2,8.10,0
2,8.11,192
2,8.12,192
2,8.13,192
2,8.14,196
2,8.15,196
2,8.16,195
2,8.17,194
2,8.18,201
2,8.19,198
2,8.20,190
2,8.21,197
2,8.22,198
2,8.23,208
2,8.24,206
2,8.25,203
2,8.26,203
2,8.27,202
2,8.28,0
2,8.29,205
2,8.30,205
2,8.31,206
2,8.32,204
2,8.33,203
2,8.34,200
2,8.35,204
2,8.36,197
2,8.37,0
2,8.38,0
2,8.39,209
2,8.40,212
2,8.41,189
2,8.42,215
2,8.43,216
2,8.44,0
2,8.45,209
2,8.46,209
2,8.47,208
2,8.48,208
2,8.49,208
2,8.50,209
2,8.51,211
2,8.52,214
2,8.53,190
2,8.54,207
2,8.55,207
2,8.56,209
2,8.57,0
2,8.58,210
2,8.59,0
2,8.60,0
2,8.61,0
2,8.62,0
2,8.63,0
2,8.64,0
2,8.65,0
2,8.66,0
2,8.67,0
2,8.68,0
2,8.69,0
2,8.70,0
2,8.71,0
2,8.72,0
2,8.73,0
2,8.74,0
2,8.75,0
2,8.76,0
2,8.77,0
2,8.78,0
2,9.1,219
2,9.2,219
2,9.3,219
2,9.4,227
2,9.5,231
2,9.6,229
2,9.7,230
2,9.8,247
2,9.9,247
2,9.10,247
2,9.11,248
2,9.12,248
2,9.13,234
2,9.14,242
2,9.15,231
2,9.16,235
2,9.17,236
2,9.18,236
2,9.19,232
2,9.20,232
2,9.21,233
2,9.22,240
2,9.23,226
2,9.24,226
2,9.25,0
2,9.26,0
2,9.27,225
2,9.28,242
2,9.29,228
2,9.30,229
2,9.31,0
2,9.32,240
2,9.33,0
2,9.34,227
2,9.35,222
2,9.36,243
2,9.37,220
2,9.38,0
2,9.39,248
2,9.40,235
2,9.41,0
2,9.42,0
2,9.43,0
2,9.44,0
2,9.45,0
2,9.46,0
2,9.47,0
2,9.48,0
2,9.49,0
2,9.50,0
2,10.1,252
2,10.2,252
2,10.3,252
2,10.4,252
2,10.5,252
2,10.6,252
2,10.7,253
2,10.8,253
2,10.9,254
2,10.10,254
2,10.11,253
2,10.12,287
2,10.13,295
2,10.14,298
2,10.15,298
2,10.16,297
2,10.17,0
2,10.18,0
2,10.19,0
2,10.20,288
2,10.21,0
2,10.22,289
2,10.23,0
2,10.24,287
2,10.25,300
2,10.26,289
2,10.27,294
2,10.28,300
2,10.29,296
2,10.30,294
2,10.31,290
2,10.32,296
2,10.33,299
2,10.34,0
2,10.35,295
2,10.36,290
2,10.37,292
2,10.38,254
2,10.39,287
2,10.40,257
2,10.41,257
2,10.42,285
2,10.43,257
2,10.44,258
2,10.45,259
2,10.46,269
2,10.47,0
2,10.48,278
2,10.49,0
2,10.50,0
2,10.51,278
2,10.52,278
2,10.53,258
2,10.54,280
2,10.55,253
2,10.56,0
2,10.57,0
2,10.58,0
2,10.59,278
2,10.60,269
2,10.61,279
2,10.62,263
2,10.63,270
2,10.64,270
2,10.65,284
2,10.66,274
2,10.67,0
2,10.68,274
2,10.69,264
2,10.70,265
2,10.71,265
2,10.72,0
2,10.73,276
2,10.74,0
2,10.75,0
2,10.76,0
2,10.77,262
2,10.78,264
2,10.79,0
2,10.80,0
2,10.81,266
2,10.82,275
2,10.83,265
2,10.84,0
2,10.85,0
2,10.86,0
2,10.87,0
2,10.88,0
2,10.89,278
2,10.90,277
2,10.91,0
2,10.92,277
2,10.93,0
2,10.94,0
2,10.95,282
2,10.96,282
2,10.97,283
2,10.98,278
2,10.99,282
2,10.100,0
2,10.101,284
2,10.102,0
2,10.103,266
2,10.104,266
2,10.105,259
2,10.106,259
2,10.107,292
2,10.108,267
2,10.109,260
2,10.110,260
2,10.111,259
2,10.112,279
2,10.113,271
2,10.114,271
2,10.115,281
2,10.116,278
2,10.117,263
2,10.118,262
2,10.119,262
2,10.120,262
2,10.121,295
2,10.122,0
2,10.123,0
2,10.124,294
2,10.125,271
2,10.126,272
2,10.127,273
2,10.128,280
2,10.129,0
2,10.130,258
2,10.131,0
2,10.132,285
2,10.133,298
2,10.134,298
2,10.135,297
2,10.136,0
2,10.137,292
2,10.138,293
2,10.139,277
2,10.140,0
2,10.141,0
2,10.142,0
2,10.143,0
2,10.144,0
2,10.145,0
2,10.146,0
2,10.147,0
2,10.148,0
2,10.149,0
2,10.150,0
2,10.151,0
2,10.152,0
2,10.153,0
2,10.154,0
2,10.155,0
2,10.156,0
2,10.157,0
2,10.158,0
2,10.159,0
2,11.1,316
2,11.2,318
2,11.3,0
2,11.4,319
2,11.5,303
2,11.6,305
2,11.7,306
2,11.8,306
2,11.9,308
2,11.10,306
2,11.11,308
2,11.12,307
2,11.13,310
2,11.14,316
2,11.15,320
2,11.16,310
2,11.17,307
2,11.18,0
2,11.19,319
2,11.20,322
2,11.21,307
2,11.22,307
2,11.23,306
2,11.24,313
2,11.25,309
2,11.26,309
2,11.27,309
2,11.28,0
2,11.29,313
2,11.30,308
2,11.31,0
2,11.32,312
2,11.33,323
2,11.34,323
2,11.35,310
2,11.36,311
2,11.37,323
2,11.38,324
2,11.39,324
2,11.40,324
2,11.41,0
2,11.42,313
2,11.43,305
2,11.44,325
2,11.45,0
2,11.46,324
2,11.47,321
2,11.48,312
2,11.49,309
2,11.50,312
2,11.51,312
2,11.52,312
2,11.53,322
2,11.54,317
2,11.55,328
2,11.56,327
2,11.57,326
2,11.58,314
2,11.59,0
2,11.60,315
2,11.61,313
2,11.62,314
2,11.63,316
2,11.64,316
2,11.65,317
2,11.66,318
2,11.67,0
2,11.68,0
2,11.69,0
2,11.70,303
2,11.71,311
2,11.72,330
2,11.73,330
2,11.74,330
2,11.75,326
2,11.76,306
2,11.77,329
2,11.78,0
2,11.79,0
2,11.80,303
2,11.81,303
2,11.82,0
2,11.83,0
2,11.84,0
2,11.85,0
2,11.86,0
2,11.87,0
2,11.88,0
2,11.89,0
2,11.90,0
2,12.1,334
2,12.2,332
2,12.3,354
2,12.4,354
2,12.5,345
2,12.6,343
2,12.7,343
2,12.8,343
2,12.9,0
2,12.10,346
2,12.11,0
2,12.12,335
2,12.13,334
2,12.14,335
2,12.15,340
2,12.16,334
2,12.17,341
2,12.18,340
2,12.19,340
2,12.20,341
2,12.21,341
2,12.22,341
2,12.23,341
2,12.24,0
2,12.25,338
2,12.26,335
2,12.27,340
2,12.28,340
2,12.29,340
2,12.30,340
2,12.31,339
2,12.32,338
2,12.33,336
2,12.34,337
2,12.35,335
2,12.36,344
2,12.37,340
2,12.38,337
2,12.39,337
2,12.40,344
2,12.41,0
2,12.42,342
2,12.43,340
2,12.44,340
2,12.45,334
2,12.46,0
2,12.47,336
2,12.48,336
2,12.49,348
2,12.50,350
2,12.51,350
2,12.52,350
2,12.53,351
2,12.54,348
2,12.55,349
2,12.56,350
2,12.57,344
2,12.58,348
2,12.59,349
2,12.60,347
2,12.61,353
2,12.62,353
2,12.63,354
2,12.64,352
3,1.1,8
3,1.2,9
3,1.3,12
3,1.4,0
3,1.5,0
3,1.6,13
3,1.7,13
3,1.8,14
3,1.9,14
3,1.10,10
3,1.11,42
3,1.12,16
3,1.13,18
3,1.14,17
3,1.15,19
3,1.16,26
3,1.17,27
3,1.18,8
3,1.19,21
3,1.20,17
3,1.21,21
3,1.22,21
3,1.23,22
3,1.24,25
3,1.25,23
3,1.26,23
3,1.27,24
3,1.28,0
3,1.29,24
3,1.30,24
3,2.1,28
3,2.2,35
3,2.3,34
3,2.4,43
3,2.5,44
3,2.6,44
3,2.7,45
3,2.8,30
3,2.9,32
3,2.10,37
3,2.11,38
3,2.12,37
3,2.13,38
3,2.14,41
3,2.15,40
3,2.16,41
3,2.17,39
3,2.18,40
3,2.19,45
3,2.20,47
3,2.21,47
3,2.22,48
3,2.23,50
3,2.24,52
3,2.25,50
3,2.26,51
3,2.27,51
3,2.28,53
3,2.29,59
3,2.30,49
3,2.31,50
3,2.32,0
3,2.33,0
3,2.34,58
3,2.35,59
3,2.36,55
3,2.37,56
3,2.38,52
3,2.39,52
3,2.40,47
3,2.41,47
3,2.42,46
3,2.43,55
3,2.44,56
3,2.45,61
3,2.46,32
3,2.47,0
3,2.48,61
3,2.49,40
3,2.50,38
3,2.51,39
3,2.52,33
3,2.53,57
3,3.1,77
3,3.2,77
3,3.3,77
3,3.4,78
3,3.5,79
3,3.6,103
3,3.7,82
3,3.8,83
3,3.9,83
3,3.10,84
3,3.11,84
3,3.12,85
3,3.13,86
3,3.14,85
3,3.15,79
3,3.16,80
3,3.17,76
3,3.18,77
3,3.19,86
3,3.20,82
3,3.21,81
3,3.22,69
3,3.23,68
3,3.24,91
3,3.25,97
3,3.26,89
3,3.27,89
3,3.28,91
3,3.29,94
3,3.30,90
3,3.31,90
3,3.32,94
3,3.33,92
3,3.34,93
3,3.35,95
3,3.36,96
3,3.37,68
3,3.38,91
3,3.39,72
3,3.40,73
3,3.41,73
3,3.42,99
3,3.43,99
3,3.44,100
3,3.45,100
3,3.46,101
3,3.47,99
3,3.48,104
3,3.49,101
3,3.50,107
3,3.51,107
3,3.52,107
3,3.53,107
3,3.54,108
3,3.55,114
3,3.56,101
3,3.57,111
3,3.58,104
3,3.59,110
3,3.60,110
3,3.61,113
3,3.62,105
3,3.63,114
3,3.64,116
3,3.65,111
3,3.66,102
3,3.67,114
3,3.68,115
3,3.69,109
3,3.70,115
3,3.71,108
3,3.72,0
3,3.73,0
3,3.74,0
3,3.75,0
3,3.76,0
3,3.77,0
3,3.78,0
3,3.79,0
3,3.80,0
3,3.81,0
3,3.82,0
3,3.83,0
3,3.84,0
3,4.1,121
3,4.2,121
3,4.3,122
3,4.4,123
3,4.5,123
3,4.6,123
3,4.7,124
3,4.8,126
3,4.9,126
3,4.10,125
3,4.11,125
3,4.12,127
3,4.13,128
3,4.14,128
3,4.15,129
3,4.16,129
3,4.17,131
3,4.18,131
3,4.19,139
3,4.20,0
3,4.21,137
3,4.22,138
3,4.23,134
3,4.24,134
3,4.25,134
3,4.26,136
3,4.27,136
3,4.28,135
3,4.29,136
3,4.30,137
3,4.31,127
3,4.32,132
3,4.33,133
3,4.34,132
3,4.35,133
3,4.36,132
3,4.37,138
3,4.38,0
3,5.1,145
3,5.2,145
3,5.3,146
3,5.4,146
3,5.5,162
3,5.6,150
3,5.7,150
3,5.8,150
3,5.9,143
3,5.10,155
3,5.11,0
3,5.12,146
3,5.13,147
3,5.14,155
3,5.15,156
3,5.16,158
3,5.17,159
3,5.18,160
3,5.19,160
3,5.20,159
3,5.21,152
3,5.22,163
3,5.23,153
3,5.24,153
3,5.25,154
3,5.26,142
3,5.27,143
3,5.28,166
3,5.29,166
3,5.30,167
3,5.31,168
3,5.32,164
3,5.33,169
3,5.34,169
3,5.35,155
3,5.36,169
3,5.37,170
3,5.38,151
3,5.39,163
3,5.40,144
3,5.41,144
3,5.42,0
3,5.43,0
3,5.44,0
3,5.45,0
3,6.1,174
3,6.2,174
3,6.3,175
3,6.4,175
3,6.5,175
3,6.6,175
3,6.7,176
3,6.8,176
3,6.9,177
3,6.10,178
3,6.11,178
3,6.12,180
3,6.13,181
3,6.14,183
3,6.15,181
3,6.16,183
3,6.17,182
3,6.18,184
3,6.19,185
3,6.20,185
3,6.21,180
3,6.22,186
3,6.23,189
3,6.24,191
3,6.25,199
3,6.26,192
3,6.27,192
3,6.28,193
3,6.29,194
3,6.30,197
3,6.31,197
3,6.32,198
3,6.33,196
3,6.34,198
3,6.35,197
3,6.36,197
3,6.37,196
3,6.38,194
3,6.39,178
3,6.40,179
3,6.41,187
3,6.42,187
3,6.43,0
3,6.44,191
3,6.45,191
3,6.46,195
3,6.47,196
3,6.48,195
3,6.49,0
3,6.50,0
3,6.51,0
3,6.52,0
3,6.53,0
3,6.54,0
3,7.1,201
3,7.2,202
3,7.3,204
3,7.4,206
3,7.5,207
3,7.6,207
3,7.7,202
3,7.8,203
3,7.9,202
3,7.10,207
3,7.11,208
3,7.12,208
3,7.13,215
3,7.14,218
3,7.15,218
3,7.16,209
3,7.17,210
3,7.18,215
3,7.19,216
3,7.20,218
3,7.21,218
3,7.22,219
3,7.23,247
3,7.24,220
3,7.25,0
3,7.26,0
3,7.27,204
3,7.28,221
3,7.29,235
3,7.30,222
3,7.31,223
3,7.32,223
3,7.33,248
3,7.34,224
3,7.35,229
3,7.36,228
3,7.37,0
3,7.38,232
3,7.39,231
3,7.40,232
3,7.41,231
3,7.42,233
3,7.43,228
3,7.44,237
3,7.45,229
3,7.46,230
3,7.47,213
3,7.48,214
3,7.49,211
3,7.50,210
3,7.51,212
3,7.52,248
3,7.53,229
3,7.54,228
3,7.55,234
3,7.56,236
3,7.57,236
3,7.58,237
3,7.59,238
3,7.60,238
3,7.61,240
3,7.62,241
3,7.63,243
3,7.64,243
3,7.65,211
3,7.66,213
3,7.67,225
3,7.68,225
3,7.69,225
3,7.70,242
3,7.71,226
3,7.72,226
3,7.73,226
3,7.74,246
3,7.75,235
3,7.76,214
3,7.77,239
3,7.78,243
3,7.79,244
3,7.80,220
3,7.81,221
3,7.82,239
3,7.83,0
3,7.84,236
3,7.85,246
3,7.86,205
3,7.87,204
3,7.88,0
3,7.89,0
3,7.90,0
3,7.91,0
3,7.92,0
3,7.93,0
3,7.94,0
3,7.95,0
3,7.96,0
3,7.97,0
3,8.1,249
3,8.2,250
3,8.3,251
3,8.4,252
3,8.5,254
3,8.6,254
3,8.7,255
3,8.8,256
3,8.9,254
3,8.10,253
3,8.11,0
3,8.12,257
3,8.13,258
3,8.14,259
3,8.15,260
3,8.16,260
3,8.17,261
3,8.18,262
3,8.19,264
3,8.20,264
3,8.21,267
3,8.22,267
3,8.23,263
3,8.24,268
3,8.25,270
3,8.26,272
3,8.27,272
3,8.28,274
3,8.29,275
3,8.30,276
3,8.31,276
3,8.32,277
3,8.33,278
3,8.34,279
3,8.35,280
3,8.36,283
3,8.37,284
3,8.38,287
3,8.39,0
3,8.40,286
3,8.41,282
3,8.42,282
3,8.43,308
3,8.44,309
3,8.45,310
3,8.46,288
3,8.47,289
3,8.48,0
3,8.49,251
3,8.50,252
3,8.51,291
3,8.52,272
3,8.53,293
3,8.54,292
3,8.55,273
3,8.56,294
3,8.57,293
3,8.58,294
3,8.59,295
3,8.60,296
3,8.61,308
3,8.62,290
3,8.63,295
3,8.64,297
3,8.65,300
3,8.66,300
3,8.67,299
3,8.68,297
3,8.69,298
3,8.70,299
3,8.71,301
3,8.72,307
3,8.73,306
3,8.74,307
3,8.75,307
3,8.76,310
3,8.77,303
3,8.78,305
3,8.79,304
3,8.80,281
3,8.81,270
3,8.82,271
3,8.83,311
3,8.84,302
3,8.85,313
3,8.86,258
3,8.87,259
3,8.88,0
3,8.89,0
3,8.90,0
3,8.91,0
3,8.92,0
3,8.93,0
3,8.94,0
3,8.95,0
3,8.96,0
3,8.97,0
3,8.98,0
3,8.99,0
3,8.100,0
3,8.101,0
3,8.102,0
3,8.103,0
3,9.1,347
3,9.2,327
3,9.3,347
3,9.4,348
3,9.5,349
3,9.6,341
3,9.7,342
3,9.8,351
3,9.9,352
3,9.10,350
3,9.11,342
3,9.12,479
3,9.13,343
3,9.14,344
3,9.15,356
3,9.16,355
3,9.17,352
3,9.18,328
3,9.19,328
3,9.20,329
3,9.21,329
3,9.22,330
3,9.23,332
3,9.24,333
3,9.25,331
3,9.26,334
3,9.27,332
3,9.28,338
3,9.29,323
3,9.30,340
3,9.31,317
3,9.32,317
3,9.33,326
3,9.34,345
3,9.35,324
3,9.36,322
3,9.37,326
3,9.38,325
3,9.39,356
3,9.40,353
3,9.41,358
3,9.42,335
3,9.43,336
3,9.44,338
3,9.45,359
3,9.46,359
3,9.47,360
3,9.48,360
3,9.49,361
3,9.50,318
3,9.51,319
3,9.52,320
3,9.53,346
3,9.54,340
3,9.55,0
3,9.56,354
3,9.57,326
3,9.58,337
3,9.59,337
3,9.60,0
3,9.61,0
3,9.62,0
3,9.63,0
3,9.64,0
3,9.65,0
3,10.1,369
3,10.2,373
3,10.3,372
3,10.4,370
3,10.5,374
3,10.6,378
3,10.7,374
3,10.8,375
3,10.9,375
3,10.10,376
3,10.11,377
3,10.12,394
3,10.13,377
3,10.14,392
3,10.15,387
3,10.16,387
3,10.17,370
3,10.18,392
3,10.19,393
3,10.20,388
3,10.21,388
3,10.22,391
3,10.23,390
3,10.24,393
3,10.25,394
3,10.26,395
3,10.27,396
3,10.28,397
3,10.29,398
3,10.30,399
3,10.31,400
3,10.32,400
3,10.33,401
3,10.34,401
3,10.35,405
3,10.36,405
3,10.37,403
3,10.38,404
3,10.39,406
3,10.40,406
3,10.41,408
3,10.42,409
3,10.43,407
3,10.44,409
3,10.45,411
3,10.46,411
3,10.47,410
3,10.48,412
3,10.49,413
3,10.50,413
3,10.51,414
3,10.52,0
3,10.53,415
3,10.54,379
3,10.55,380
3,10.56,380
3,10.57,381
3,10.58,382
3,10.59,383
3,10.60,383
3,10.61,384
3,10.62,385
3,10.63,386
3,10.64,0
3,10.65,389
3,10.66,0
3,10.67,386
3,10.68,416
3,10.69,0
3,10.70,416
3,10.71,0
3,10.72,417
3,10.73,0
3,10.74,0
3,10.75,421
3,10.76,0
3,10.77,418
3,10.78,419
3,10.79,419
3,10.80,420
3,10.81,422
3,10.82,0
3,10.83,0
3,10.84,0
3,10.85,0
3,10.86,0
3,10.87,0
3,10.88,0
3,10.89,0
3,10.90,0
3,10.91,0
3,10.92,0
3,10.93,0
3,11.1,426
3,11.2,428
3,11.3,429
3,11.4,431
3,11.5,432
3,11.6,0
3,11.7,432
3,11.8,433
3,11.9,434
3,11.10,434
3,11.11,435
3,11.12,436
3,11.13,437
3,11.14,438
3,11.15,439
3,11.16,440
3,11.17,440
3,11.18,441
3,11.19,442
3,11.20,444
3,11.21,445
3,11.22,0
3,11.23,446
3,11.24,447
3,11.25,448
3,11.26,449
3,11.27,449
3,11.28,450
3,11.29,0
3,11.30,0
3,11.31,450
3,11.32,451
3,11.33,452
3,11.34,454
3,11.35,456
3,11.36,457
3,11.37,458
3,11.38,459
3,11.39,460
3,11.40,460
3,11.41,461
3,11.42,461
3,11.43,462
3,11.44,463
3,11.45,464
3,11.46,0
3,11.47,0
3,11.48,0
3,11.49,0
3,11.50,0
3,11.51,0
3,11.52,0
3,11.53,0
3,11.54,0
3,11.55,0
3,11.56,0
3,11.57,0
3,12.1,160
3,12.2,471
3,12.3,473
3,12.4,486
3,12.5,486
3,12.6,473
3,12.7,473
3,12.8,487
3,12.9,487
3,12.10,490
3,12.11,496
3,12.12,496
3,12.13,500
3,12.14,466
3,12.15,467
3,12.16,476
3,12.17,0
3,12.18,516
3,12.19,470
3,12.20,474
3,12.21,469
3,12.22,476
3,12.23,477
3,12.24,470
3,12.25,482
3,12.26,482
3,12.27,484
3,12.28,484
3,12.29,497
3,12.30,499
3,12.31,498
3,12.32,487
3,12.33,491
3,12.34,499
3,12.35,497
3,12.36,490
3,12.37,489
3,12.38,492
3,12.39,482
3,12.40,483
3,12.41,493
3,12.42,522
3,12.43,495
3,12.44,513
3,12.45,506
3,12.46,507
3,12.47,511
3,12.48,512
3,12.49,512
3,12.50,505
3,12.51,0
3,12.52,510
3,12.53,528
3,12.54,524
3,12.55,525
3,12.56,523
3,12.57,526
3,12.58,526
3,12.59,527
3,12.60,528
3,12.61,527
3,12.62,527
3,12.63,467
3,12.64,468
3,12.65,494
3,12.66,474
3,12.67,521
3,12.68,510
3,12.69,508
3,12.70,509
3,12.71,483
3,12.72,477
3,12.73,478
3,12.74,521
3,12.75,521
3,12.76,529
3,12.77,0
3,12.78,0
3,12.79,0
3,12.80,0
3,12.81,0
3,12.82,0
3,12.83,0
3,12.84,0
3,12.85,0
3,12.86,0
3,12.87,0
3,12.88,0
3,12.89,0
3,12.90,0
3,12.91,0
3,12.92,0
3,12.93,0
3,12.94,0
3,12.95,0
3,12.96,0
3,12.97,0
3,12.98,0
3,12.99,0
3,12.100,0
3,12.101,0
3,12.102,0
3,12.103,0
3,12.104,0
4,1.1,15
4,1.2,7
4,1.3,7
4,1.4,19
4,1.5,19
4,1.6,19
4,1.7,8
4,1.8,9
4,1.9,10
4,1.10,0
4,1.11,10
4,1.12,9
4,1.13,12
4,1.14,10
4,1.15,11
4,1.16,11
4,1.17,12
4,1.18,9
4,1.19,16
4,1.20,15
4,1.21,15
4,1.22,20
4,1.23,20
4,1.24,21
4,1.25,0
4,1.26,21
4,1.27,27
4,1.28,28
4,1.29,29
4,1.30,30
4,1.31,0
4,1.32,27
4,1.33,27
4,1.34,0
4,1.35,30
4,1.36,31
4,1.37,31
4,1.38,31
4,1.39,31
4,1.40,32
4,1.41,32
4,1.42,34
4,1.43,35
4,1.44,36
4,1.45,37
4,1.46,37
4,1.47,39
4,1.48,39
4,1.49,39
4,1.50,40
4,1.51,40
4,1.52,40
4,1.53,0
4,1.54,41
4,1.55,0
4,1.56,41
4,1.57,42
4,1.58,0
4,1.59,43
4,1.60,0
4,2.1,50
4,2.2,51
4,2.3,51
4,2.4,52
4,2.5,49
4,2.6,53
4,2.7,53
4,2.8,54
4,2.9,54
4,2.10,54
4,2.11,55
4,2.12,55
4,2.13,55
4,2.14,55
4,2.15,55
4,2.16,57
4,2.17,57
4,2.18,57
4,2.19,57
4,2.20,58
4,2.21,54
4,2.22,58
4,2.23,59
4,2.24,61
4,2.25,60
4,2.26,60
4,2.27,60
4,2.28,60
4,2.29,0
4,2.30,0
4,2.31,61
4,2.32,62
4,2.33,65
4,2.34,65
4,2.35,62
4,2.36,66
4,2.37,63
4,2.38,63
4,2.39,64
4,2.40,0
4,2.41,67
4,2.42,67
4,2.43,68
4,2.44,0
4,2.45,0
4,3.1,71
4,3.2,71
4,3.3,72
4,3.4,72
4,3.5,72
4,3.6,74
4,3.7,74
4,3.8,103
4,3.9,73
4,3.10,75
4,3.11,76
4,3.12,78
4,3.13,78
4,3.14,77
4,3.15,77
4,3.16,78
4,3.17,78
4,3.18,83
4,3.19,105
4,3.20,83
4,3.21,0
4,3.22,85
4,3.23,81
4,3.24,80
4,3.25,80
4,3.26,81
4,3.27,81
4,3.28,81
4,3.29,82
4,3.30,82
4,3.31,82
4,3.32,82
4,3.33,82
4,3.34,80
4,3.35,84
4,3.36,0
4,3.37,0
4,3.38,0
4,3.39,0
4,3.40,0
4,3.41,0
4,4.1,88
4,4.2,88
4,4.3,89
4,4.4,89
4,4.5,90
4,4.6,90
4,4.7,90
4,4.8,91
4,4.9,92
4,4.10,93
4,4.11,93
4,4.12,94
4,4.13,94
4,4.14,94
4,4.15,0
4,4.16,110
4,4.17,95
4,4.18,95
4,4.19,97
4,4.20,98
4,4.21,99
4,4.22,0
4,4.23,0
4,4.24,0
4,4.25,0
4,4.26,0
4,5.1,102
4,5.2,103
4,5.3,103
4,5.4,0
4,5.5,103
4,5.6,104
4,5.7,113
4,5.8,106
4,5.9,106
4,5.10,107
4,5.11,0
4,5.12,108
4,5.13,109
4,5.14,110
4,5.15,110
4,5.16,115
4,5.17,116
4,5.18,111
4,5.19,112
4,5.20,113
4,5.21,114
4,5.22,116
4,5.23,151
4,5.24,117
4,5.25,0
4,5.26,0
4,5.27,0
4,5.28,0
4,5.29,0
4,5.30,0
4,5.31,0
4,5.32,0
4,6.1,126
4,6.2,128
4,6.3,128
4,6.4,131
4,6.5,131
4,6.6,126
4,6.7,120
4,6.8,127
4,6.9,132
4,6.10,133
4,6.11,120
4,6.12,123
4,6.13,133
4,6.14,132
4,6.15,126
4,6.16,128
4,6.17,130
4,6.18,0
4,6.19,130
4,6.20,124
4,6.21,120
4,6.22,121
4,6.23,122
4,6.24,122
4,6.25,129
4,6.26,123
4,6.27,123
4,6.28,124
4,6.29,125
4,6.30,136
4,6.31,137
4,6.32,134
4,6.33,135
4,6.34,137
4,6.35,141
4,6.36,141
4,6.37,141
4,6.38,141
4,6.39,144
4,6.40,141
4,6.41,141
4,6.42,142
4,6.43,136
4,6.44,141
4,6.45,144
4,6.46,0
4,6.47,0
4,6.48,145
4,6.49,125
4,6.50,137
4,6.51,139
4,6.52,135
4,6.53,0
4,6.54,129
4,6.55,143
4,6.56,0
4,6.57,0
4,6.58,0
4,6.59,0
4,6.60,0
4,6.61,0
4,6.62,0
4,6.63,0
4,6.64,0
4,7.1,169
4,7.2,85
4,7.3,155
4,7.4,175
4,7.5,156
4,7.6,162
4,7.7,162
4,7.8,169
4,7.9,154
4,7.10,155
4,7.11,148
4,7.12,175
4,7.13,163
4,7.14,182
4,7.15,149
4,7.16,156
4,7.17,157
4,7.18,162
4,7.19,151
4,7.20,151
4,7.21,150
4,7.22,150
4,7.23,154
4,7.24,170
4,7.25,170
4,7.26,148
4,7.27,0
4,7.28,149
4,7.29,186
4,7.30,156
4,7.31,153
4,7.32,153
4,7.33,0
4,7.34,173
4,7.35,173
4,7.36,155
4,7.37,0
4,7.38,155
4,7.39,160
4,7.40,160
4,7.41,161
4,7.42,160
4,7.43,161
4,7.44,160
4,7.45,156
4,7.46,161
4,7.47,161
4,7.48,163
4,7.49,163
4,7.50,157
4,7.51,164
4,7.52,164
4,7.53,165
4,7.54,165
4,7.55,166
4,7.56,167
4,7.57,0
4,7.58,0
4,7.59,166
4,7.60,168
4,7.61,0
4,7.62,167
4,7.63,167
4,7.64,168
4,7.65,152
4,7.66,158
4,7.67,158
4,7.68,152
4,7.69,206
4,7.70,157
4,7.71,0
4,7.72,0
4,7.73,0
4,7.74,0
4,7.75,0
4,7.76,0
4,7.77,0
4,7.78,0
4,7.79,0
4,7.80,0
4,7.81,0
4,7.82,0
4,7.83,0
4,8.1,190
4,8.2,200
4,8.3,202
4,8.4,177
4,8.5,181
4,8.6,181
4,8.7,182
4,8.8,178
4,8.9,182
4,8.10,183
4,8.11,178
4,8.12,178
4,8.13,178
4,8.14,178
4,8.15,179
4,8.16,184
4,8.17,179
4,8.18,186
4,8.19,185
4,8.20,179
4,8.21,179
4,8.22,182
4,8.23,188
4,8.24,189
4,8.25,191
4,8.26,183
4,8.27,187
4,8.28,187
4,8.29,187
4,8.30,178
4,8.31,177
4,8.32,190
4,8.33,190
4,8.34,191
4,8.35,191
4,8.36,178
4,8.37,192
4,8.38,193
4,8.39,192
4,8.40,192
4,8.41,189
4,8.42,223
4,8.43,193
4,8.44,187
4,8.45,199
4,8.46,199
4,8.47,199
4,8.48,188
4,8.49,196
4,8.50,196
4,8.51,185
4,8.52,199
4,8.53,200
4,8.54,223
4,8.55,193
4,8.56,218
4,8.57,203
4,8.58,203
4,8.59,194
4,8.60,195
4,8.61,189
4,8.62,179
4,8.63,196
4,8.64,197
4,8.65,191
4,8.66,204
4,8.67,204
4,8.68,0
4,8.69,222
4,8.70,222
4,8.71,223
4,8.72,223
4,8.73,219
4,8.74,207
4,8.75,207
4,8.76,207
4,8.77,208
4,8.78,210
4,8.79,213
4,8.80,213
4,8.81,211
4,8.82,219
4,8.83,214
4,8.84,214
4,8.85,215
4,8.86,215
4,8.87,216
4,8.88,216
4,8.89,211
4,8.90,211
4,8.91,212
4,8.92,219
4,8.93,212
4,8.94,216
4,8.95,217
4,8.96,220
4,8.97,220
4,8.98,212
4,8.99,217
4,8.100,0
4,8.101,204
4,8.102,205
4,8.103,0
4,8.104,206
4,8.105,194
4,8.106,0
4,8.107,215
4,8.108,197
4,8.109,198
4,8.110,0
4,8.111,0
4,8.112,0
4,8.113,0
4,8.114,0
4,8.115,0
4,8.116,0
4,8.117,0
4,8.118,0
4,8.119,0
4,8.120,0
4,8.121,0
4,8.122,0
4,8.123,0
4,8.124,0
4,8.125,0
4,8.126,0
4,8.127,0
4,8.128,0
4,8.129,0
4,8.130,0
4,8.131,0
4,8.132,0
4,8.133,0
4,8.134,0
4,8.135,0
4,8.136,0
4,8.137,0
4,8.138,0
4,9.1,226
4,9.2,227
4,9.3,228
4,9.4,229
4,9.5,240
4,9.6,240
4,9.7,241
4,9.8,241
4,9.9,241
4,9.10,242
4,9.11,229
4,9.12,230
4,9.13,231
4,9.14,232
4,9.15,243
4,9.16,243
4,9.17,244
4,9.18,332
4,9.19,333
4,9.20,234
4,9.21,332
4,9.22,247
4,9.23,235
4,9.24,235
4,9.25,236
4,9.26,227
4,9.27,245
4,9.28,246
4,9.29,237
4,9.30,238
4,9.31,233
4,9.32,252
4,9.33,249
4,9.34,253
4,9.35,253
4,9.36,254
4,9.37,253
4,9.38,251
4,9.39,256
4,9.40,254
4,9.41,257
4,9.42,236
4,9.43,246
4,9.44,239
4,9.45,239
4,9.46,251
4,9.47,251
4,9.48,252
4,9.49,252
4,9.50,252
4,9.51,252
4,9.52,255
4,9.53,255
4,9.54,0
4,9.55,0
4,9.56,0
4,9.57,0
4,9.58,0
4,9.59,0
4,9.60,0
4,9.61,0
4,9.62,0
4,9.63,0
4,9.64,0
4,9.65,0
4,9.66,0
4,9.67,0
4,9.68,0
4,9.69,0
4,9.70,0
4,9.71,0
4,9.72,0
4,9.73,0
4,9.74,0
4,9.75,0
4,9.76,0
4,9.77,0
4,9.78,0
4,9.79,0
4,9.80,0
4,10.1,259
4,10.2,260
4,10.3,260
4,10.4,261
4,10.5,261
4,10.6,262
4,10.7,262
4,10.8,262
4,10.9,262
4,10.10,264
4,10.11,264
4,10.12,264
4,10.13,265
4,10.14,265
4,10.15,267
4,10.16,267
4,10.17,267
4,10.18,265
4,10.19,265
4,10.20,268
4,10.21,268
4,10.22,269
4,10.23,269
4,10.24,269
4,10.25,269
4,10.26,270
4,10.27,271
4,10.28,272
4,10.29,272
4,10.30,273
4,10.31,273
4,10.32,276
4,10.33,274
4,10.34,274
4,10.35,275
4,10.36,275
4,10.37,276
4,10.38,339
4,10.39,277
4,10.40,277
4,10.41,277
4,10.42,278
4,10.43,266
4,10.44,265
4,10.45,280
4,10.46,281
4,10.47,280
4,10.48,280
4,10.49,0
4,10.50,281
4,10.51,282
4,10.52,283
4,10.53,283
4,10.54,283
4,10.55,282
4,10.56,266
4,10.57,262
4,10.58,270
4,10.59,266
4,10.60,0
4,10.61,0
4,10.62,0
4,10.63,0
4,10.64,0
4,10.65,0
4,10.66,0
4,10.67,0
4,10.68,0
4,10.69,0
4,10.70,0
4,10.71,0
4,10.72,0
4,10.73,0
4,10.74,0
4,10.75,0
4,10.76,0
4,10.77,0
4,10.78,0
4,11.1,294
4,11.2,294
4,11.3,290
4,11.4,0
4,11.5,292
4,11.6,293
4,11.7,286
4,11.8,293
4,11.9,294
4,11.10,295
4,11.11,295
4,11.12,295
4,11.13,297
4,11.14,297
4,11.15,0
4,11.16,297
4,11.17,297
4,11.18,298
4,11.19,298
4,11.20,300
4,11.21,304
4,11.22,307
4,11.23,305
4,11.24,305
4,11.25,308
4,11.26,310
4,11.27,309
4,11.28,310
4,11.29,316
4,11.30,309
4,11.31,310
4,11.32,311
4,11.33,314
4,11.34,315
4,11.35,315
4,11.36,315
4,11.37,314
4,11.38,316
4,11.39,311
4,11.40,312
4,11.41,317
4,11.42,317
4,11.43,318
4,11.44,318
4,11.45,319
4,11.46,0
4,11.47,319
4,11.48,319
4,11.49,320
4,11.50,325
4,11.51,291
4,11.52,320
4,11.53,320
4,11.54,321
4,11.55,321
4,11.56,322
4,11.57,323
4,11.58,325
4,11.59,328
4,11.60,325
4,11.61,326
4,11.62,326
4,11.63,327
4,11.64,327
4,11.65,330
4,11.66,329
4,11.67,299
4,11.68,330
4,11.69,299
4,11.70,0
4,11.71,304
4,11.72,331
4,11.73,300
4,11.74,290
4,11.75,301
4,11.76,301
4,11.77,302
4,11.78,0
4,11.79,327
4,11.80,328
4,11.81,303
4,11.82,303
4,11.83,334
4,11.84,334
4,11.85,0
4,11.86,0
4,11.87,337
4,11.88,336
4,11.89,335
4,11.90,336
4,11.91,335
4,11.92,312
4,11.93,313
4,11.94,296
4,11.95,296
4,11.96,337
4,11.97,338
4,11.98,328
4,11.99,328
4,11.100,328
4,11.101,0
4,11.102,0
4,11.103,0
4,11.104,0
4,11.105,0
4,11.106,0
4,11.107,0
4,11.108,0
4,11.109,0
4,11.110,0
4,11.111,0
4,11.112,0
4,11.113,0
4,11.114,0
4,11.115,0
4,11.116,0
4,11.117,0
4,11.118,0
4,11.119,0
4,11.120,0
4,11.121,0
4,11.122,0
4,11.123,0
4,11.124,0
4,11.125,0
4,11.126,0
4,11.127,0
4,11.128,0
5,1.1,7
5,1.2,7
5,1.3,7
5,1.4,10
5,1.5,11
5,1.6,7
5,1.7,13
5,1.8,7
5,1.9,13
5,1.10,0
5,1.11,13
5,1.12,13
5,1.13,14
5,1.14,14
5,1.15,15
5,1.16,232
5,1.17,16
5,1.18,16
5,1.19,8
5,1.20,8
5,1.21,8
5,1.22,17
5,1.23,18
5,1.24,18
5,1.25,18
5,1.26,18
5,1.27,19
5,1.28,19
5,1.29,20
5,1.30,20
5,1.31,21
5,1.32,21
5,1.33,21
5,1.34,22
5,1.35,22
5,1.36,23
5,1.37,0
5,1.38,23
5,1.39,23
5,1.40,24
5,1.41,24
5,1.42,25
5,1.43,25
5,1.44,26
5,1.45,26
5,1.46,26
5,1.47,8
5,1.48,9
5,1.49,0
5,1.50,27
5,1.51,27
5,1.52,10
5,2.1,30
5,2.2,30
5,2.3,30
5,2.4,30
5,2.5,31
5,2.6,32
5,2.7,32
5,2.8,33
5,2.9,32
5,2.10,32
5,2.11,34
5,2.12,35
5,2.13,36
5,2.14,36
5,2.15,37
5,2.16,38
5,2.17,39
5,2.18,39
5,2.19,40
5,2.20,40
5,2.21,41
5,2.22,29
5,2.23,42
5,2.24,42
5,2.25,43
5,2.26,44
5,2.27,44
5,2.28,45
5,2.29,45
5,2.30,45
5,2.31,45
5,2.32,0
5,2.33,46
5,2.34,46
5,2.35,47
5,2.36,47
5,2.37,47
5,2.38,55
5,2.39,64
5,2.40,48
5,2.41,48
5,2.42,48
5,2.43,48
5,2.44,49
5,2.45,50
5,2.46,46
5,2.47,0
5,2.48,51
5,2.49,53
5,2.50,0
5,2.51,53
5,2.52,55
5,2.53,55
5,2.54,55
5,3.1,64
5,3.2,65
5,3.3,66
5,3.4,65
5,3.5,67
5,3.6,68
5,3.7,61
5,3.8,63
5,3.9,0
5,3.10,68
5,3.11,69
5,3.12,73
5,3.13,71
5,3.14,72
5,3.15,72
5,3.16,82
5,3.17,83
5,3.18,84
5,3.19,0
5,3.20,80
5,3.21,82
5,3.22,76
5,3.23,78
5,3.24,71
5,3.25,84
5,3.26,86
5,3.27,87
5,3.28,73
5,3.29,0
5,3.30,87
5,3.31,89
5,3.32,89
5,3.33,90
5,3.34,90
5,3.35,91
5,3.36,92
5,3.37,94
5,3.38,94
5,3.39,94
5,3.40,96
5,3.41,95
5,3.42,0
5,3.43,97
5,3.44,97
5,3.45,89
5,3.46,90
5,3.47,77
5,3.48,79
5,3.49,79
5,3.50,80
5,3.51,96
5,3.52,95
5,4.1,121
5,4.2,101
5,4.3,101
5,4.4,114
5,4.5,114
5,4.6,114
5,4.7,114
5,4.8,114
5,4.9,115
5,4.10,115
5,4.11,102
5,4.12,102
5,4.13,102
5,4.14,103
5,4.15,0
5,4.16,103
5,4.17,104
5,4.18,104
5,4.19,104
5,4.20,105
5,4.21,105
5,4.22,105
5,4.23,106
5,4.24,106
5,4.25,106
5,4.26,106
5,4.27,106
5,4.28,107
5,4.29,107
5,4.30,107
5,4.31,108
5,4.32,108
5,4.33,109
5,4.34,110
5,4.35,110
5,4.36,110
5,4.37,111
5,4.38,150
5,4.39,111
5,4.40,112
5,4.41,115
5,4.42,116
5,4.43,117
5,4.44,117
5,4.45,111
5,4.46,112
5,4.47,112
5,4.48,118
5,4.49,112
5,4.50,0
5,4.51,109
5,4.52,121
5,4.53,122
5,4.54,108
5,4.55,113
5,5.1,123
5,5.2,123
5,5.3,124
5,5.4,124
5,5.5,124
5,5.6,125
5,5.7,126
5,5.8,123
5,5.9,126
5,5.10,126
5,5.11,131
5,5.12,131
5,5.13,132
5,5.14,132
5,5.15,132
5,5.16,132
5,5.17,133
5,5.18,133
5,5.19,133
5,5.20,134
5,5.21,135
5,5.22,136
5,5.23,137
5,5.24,137
5,5.25,138
5,5.26,138
5,5.27,139
5,5.28,138
5,5.29,140
5,5.30,136
5,5.31,142
5,5.32,142
5,5.33,143
5,5.34,144
5,5.35,125
5,5.36,151
5,5.37,151
5,5.38,151
5,5.39,151
5,5.40,152
5,5.41,152
5,5.42,152
5,5.43,152
5,5.44,153
5,5.45,153
5,5.46,153
5,5.47,154
5,5.48,131
5,5.49,145
5,5.50,145
5,5.51,145
5,5.52,139
5,5.53,140
5,5.54,145
5,5.55,146
5,5.56,154
5,5.57,143
5,6.1,155
5,6.2,155
5,6.3,156
5,6.4,156
5,6.5,157
5,6.6,157
5,6.7,157
5,6.8,158
5,6.9,159
5,6.10,159
5,6.11,160
5,6.12,160
5,6.13,161
5,6.14,162
5,6.15,162
5,6.16,0
5,6.17,0
5,6.18,164
5,6.19,164
5,6.20,165
5,6.21,166
5,6.22,167
5,6.23,165
5,6.24,168
5,6.25,168
5,6.26,168
5,6.27,169
5,6.28,172
5,6.29,173
5,6.30,173
5,6.31,174
5,6.32,174
5,6.33,0
5,6.34,170
5,6.35,175
5,6.36,175
5,6.37,171
5,6.38,172
5,6.39,175
5,6.40,189
5,6.41,0
5,6.42,0
5,6.43,0
5,6.44,176
5,6.45,176
5,6.46,176
5,6.47,177
5,6.48,177
5,6.49,178
5,6.50,178
5,6.51,179
5,6.52,179
5,6.53,179
5,6.54,180
5,6.55,180
5,6.56,180
5,6.57,182
5,6.58,182
5,6.59,182
5,6.60,183
5,6.61,183
5,6.62,184
5,6.63,183
5,6.64,0
5,6.65,184
5,6.66,185
5,6.67,186
5,6.68,186
5,6.69,187
5,6.70,0
5,6.71,0
5,6.72,0
5,6.73,0
5,6.74,187
5,6.75,187
5,6.76,188
5,6.77,188
5,6.78,0
5,6.79,0
5,6.80,189
5,7.1,191
5,7.2,191
5,7.3,191
5,7.4,192
5,7.5,194
5,7.6,192
5,7.7,192
5,7.8,0
5,7.9,0
5,7.10,193
5,7.11,0
5,7.12,197
5,7.13,195
5,7.14,0
5,7.15,196
5,7.16,197
5,7.17,197
5,7.18,198
5,7.19,198
5,7.20,200
5,7.21,200
5,7.22,200
5,7.23,201
5,7.24,201
5,7.25,202
5,7.26,203
5,7.27,203
5,7.28,201
5,7.29,203
5,7.30,0
5,7.31,204
5,7.32,201
5,7.33,0
5,7.34,205
5,7.35,205
5,7.36,0
5,7.37,206
5,7.38,207
5,7.39,208
5,7.40,209
5,7.41,210
5,7.42,210
5,7.43,210
5,7.44,211
5,7.45,211
5,7.46,211
5,7.47,212
5,7.48,212
5,7.49,212
5,7.50,213
5,7.51,213
5,7.52,214
5,7.53,215
5,7.54,215
5,7.55,216
5,7.56,216
5,7.57,0
5,7.58,0
5,7.59,216
5,7.60,0
5,7.61,0
5,7.62,217
5,7.63,218
5,7.64,0
5,7.65,219
5,8.1,222
5,8.2,223
5,8.3,225
5,8.4,225
5,8.5,226
5,8.6,228
5,8.7,229
5,8.8,229
5,8.9,229
5,8.10,229
5,8.11,230
5,8.12,230
5,8.13,230
5,8.14,0
5,8.15,232
5,8.16,0
5,8.17,0
5,8.18,0
5,8.19,236
5,8.20,236
5,8.21,235
5,8.22,236
5,8.23,239
5,8.24,241
5,8.25,236
5,8.26,0
5,8.27,0
5,8.28,238
5,8.29,238
5,8.30,240
5,8.31,241
5,8.32,0
5,8.33,242
5,8.34,242
5,8.35,243
5,8.36,244
5,8.37,245
5,8.38,246
5,8.39,246
5,8.40,247
5,8.41,247
5,8.42,248
5,8.43,249
5,8.44,249
5,8.45,250
5,8.46,250
5,8.47,251
5,8.48,251
5,8.49,252
5,8.50,252
5,8.51,252
5,8.52,253
5,8.53,254
5,8.54,254
5,8.55,254
5,8.56,255
5,8.57,255
5,8.58,255
5,8.59,256
5,8.60,256
5,8.61,258
5,8.62,257
5,8.63,0
5,8.64,259
5,8.65,258
5,8.66,260
5,8.67,0
5,8.68,259
5,8.69,0
5,9.1,262
5,9.2,262
5,9.3,263
5,9.4,264
5,9.5,264
5,9.6,0
5,9.7,0
5,9.8,265
5,9.9,265
5,9.10,266
5,9.11,266
5,9.12,267
5,9.13,268
5,9.14,269
5,9.15,269
5,9.16,270
5,9.17,270
5,9.18,0
5,9.19,271
5,9.20,271
5,9.21,273
5,9.22,0
5,9.23,0
5,9.24,0
5,9.25,0
5,9.26,0
5,9.27,273
5,9.28,274
5,9.29,275
5,9.30,276
5,9.31,0
5,9.32,0
5,9.33,277
5,9.34,0
5,9.35,0
5,9.36,278
5,9.37,278
5,9.38,278
5,9.39,280
5,9.40,280
5,9.41,281
5,9.42,0
5,9.43,281
5,10.1,284
5,10.2,284
5,10.3,285
5,10.4,0
5,10.5,287
5,10.6,287
5,10.7,288
5,10.8,288
5,10.9,288
5,10.10,288
5,10.11,289
5,10.12,289
5,10.13,289
5,10.14,289
5,10.15,290
5,10.16,290
5,10.17,291
5,10.18,292
5,10.19,292
5,10.20,311
5,10.21,0
5,10.22,293
5,10.23,293
5,10.24,293
5,10.25,294
5,10.26,294
5,10.27,0
5,10.28,294
5,10.29,294
5,10.30,295
5,10.31,295
5,10.32,296
5,10.33,296
5,10.34,296
5,10.35,297
5,10.36,298
5,10.37,298
5,10.38,296
5,10.39,297
5,10.40,0
5,10.41,298
5,10.42,0
5,10.43,299
5,10.44,299
5,10.45,300
5,10.46,300
5,10.47,0
5,10.48,300
5,10.49,0
5,10.50,301
5,10.51,0
5,10.52,0
5,10.53,301
5,10.54,302
5,10.55,302
5,10.56,303
5,10.57,313
5,10.58,0
5,10.59,313
5,10.60,313
5,10.61,303
5,10.62,303
5,10.63,304
5,10.64,312
5,10.65,0
5,10.66,312
5,10.67,312
5,10.68,0
5,10.69,314
5,10.70,315
5,10.71,316
5,10.72,316
5,10.73,316
5,10.74,317
5,10.75,318
5,10.76,318
5,10.77,0
5,10.78,319
5,10.79,319
5,10.80,319
5,10.81,0
5,10.82,319
5,10.83,320
5,10.84,306
5,10.85,320
5,10.86,320
5,10.87,321
5,10.88,321
5,10.89,321
5,10.90,322
5,10.91,306
5,10.92,0
5,10.93,322
5,10.94,323
5,10.95,307
5,10.96,307
5,10.97,323
5,10.98,324
