sem,zad,page,identifier
1,1.1,10,11.1
1,1.2,10,11.2
1,1.3,10,11.3
1,1.4,11,11.4
1,1.5,11,11.5
1,1.6,0,11.6
1,1.7,15,11.7
1,1.8,0,11.8
1,1.9,12,11.9
1,1.10,24,11.10
1,1.11,25,11.11
1,1.12,0,11.12
1,1.13,21,11.13
1,1.14,0,11.14
1,1.15,21,11.15
1,1.16,19,11.16
1,1.17,20,11.17
1,1.18,22,11.18
1,1.19,21,11.19
1,1.20,21,11.20
1,1.21,23,11.21
1,1.22,0,11.22
1,1.23,0,11.23
1,1.24,0,11.24
1,1.25,0,11.25
1,1.26,0,11.26
1,2.1,33,12.1
1,2.2,35,12.2
1,2.3,0,12.3
1,2.4,35,12.4
1,2.5,0,12.5
1,2.6,0,12.6
1,2.7,37,12.7
1,2.8,0,12.8
1,2.9,0,12.9
1,2.10,36,12.10
1,2.11,0,12.11
1,2.12,36,12.12
1,2.13,38,12.13
1,2.14,39,12.14
1,2.15,0,12.15
1,2.16,40,12.16
1,2.17,0,12.17
1,2.18,41,12.18
1,2.19,41,12.19
1,2.20,42,12.20
1,2.21,42,12.21
1,2.22,43,12.22
1,2.23,0,12.23
1,2.24,44,12.24
1,2.25,49,12.25
1,2.26,0,12.26
1,2.27,49,12.27
1,2.28,0,12.28
1,2.29,0,12.29
1,2.30,0,12.30
1,2.31,30,12.31
1,2.32,31,12.32
1,2.33,0,12.33
1,2.34,0,12.34
1,2.35,35,12.35
1,2.36,34,12.36
1,2.37,35,12.37
1,2.38,35,12.38
1,2.39,35,12.39
1,2.40,0,12.40
1,2.41,0,12.41
1,2.42,34,12.42
1,2.43,45,12.43
1,2.44,46,12.44
1,2.45,0,12.45
1,2.46,46,12.46
1,2.47,0,12.47
1,2.48,0,12.48
1,2.49,0,12.49
1,2.50,0,12.50
1,2.51,0,12.51
1,2.52,0,12.52
1,2.53,0,12.53
1,2.54,47,12.54
1,2.55,47,12.55
1,2.56,47,12.56
1,2.57,0,12.57
1,2.58,0,12.58
1,2.59,0,12.59
1,2.60,0,12.60
1,2.61,0,12.61
1,2.62,0,12.62
1,2.63,48,12.63
1,2.64,48,12.64
1,2.65,32,12.65
1,2.66,44,12.66
1,2.67,0,12.67
1,2.68,31,12.68
1,2.69,34,12.69
1,2.70,31,12.70
1,2.71,0,12.71
1,2.72,0,12.72
1,2.73,0,12.73
1,2.74,0,12.74
1,2.75,0,12.75
1,2.76,0,12.76
1,2.77,0,12.77
1,2.78,0,12.78
1,2.79,0,12.79
1,2.80,0,12.80
1,2.81,0,12.81
1,2.82,0,12.82
1,2.83,0,12.83
1,2.84,0,12.84
1,2.85,0,12.85
1,2.86,0,12.86
1,2.87,0,12.87
1,3.1,51,13.1
1,3.2,52,13.2
1,3.3,53,13.3
1,3.4,53,13.4
1,3.5,0,13.5
1,3.6,51,13.6
1,3.7,51,13.7
1,3.8,54,13.8
1,3.9,0,13.9
1,3.10,0,13.10
1,3.11,52,13.11
1,3.12,0,13.12
1,3.13,0,13.13
1,3.14,0,13.14
1,3.15,0,13.15
1,3.16,0,13.16
1,3.17,0,13.17
1,3.18,0,13.18
1,3.19,0,13.19
1,3.20,0,13.20
1,3.21,58,13.21
1,3.22,0,13.22
1,3.23,0,13.23
1,3.24,59,13.24
1,3.25,61,13.25
1,3.26,61,13.26
1,3.27,0,13.27
1,3.28,0,13.28
1,3.29,59,13.29
1,3.30,59,13.30
1,3.31,60,13.31
1,3.32,0,13.32
1,3.33,59,13.33
1,3.34,0,13.34
1,3.35,55,13.35
1,3.36,0,13.36
1,3.37,56,13.37
1,3.38,0,13.38
1,3.39,0,13.39
1,3.40,0,13.40
1,3.41,56,13.41
1,3.42,57,13.42
1,3.43,58,13.43
1,3.44,61,13.44
1,3.45,61,13.45
1,3.46,0,13.46
1,3.47,0,13.47
1,3.48,55,13.48
1,3.49,57,13.49
1,3.50,60,13.50
1,3.51,60,13.51
1,3.52,0,13.52
1,3.53,62,13.53
1,3.54,62,13.54
1,3.55,0,13.55
1,3.56,55,13.56
1,3.57,55,13.57
1,3.58,0,13.58
1,3.59,0,13.59
1,3.60,60,13.60
1,3.61,58,13.61
1,3.62,0,13.62
1,3.63,0,13.63
1,3.64,0,13.64
1,3.65,0,13.65
1,3.66,0,13.66
1,3.67,0,13.67
1,3.68,0,13.68
1,3.69,0,13.69
1,3.70,0,13.70
1,3.71,0,13.71
1,3.72,0,13.72
1,3.73,0,13.73
1,3.74,0,13.74
1,3.75,0,13.75
1,3.76,0,13.76
1,3.77,0,13.77
1,3.78,0,13.78
1,3.79,0,13.79
1,4.1,65,14.1
1,4.2,63,14.2
1,4.3,63,14.3
1,4.4,63,14.4
1,4.5,77,14.5
1,4.6,77,14.6
1,4.7,0,14.7
1,4.8,0,14.8
1,4.9,77,14.9
1,4.10,78,14.10
1,4.11,82,14.11
1,4.12,0,14.12
1,4.13,0,14.13
1,4.14,0,14.14
1,4.15,78,14.15
1,4.16,66,14.16
1,4.17,0,14.17
1,4.18,65,14.18
1,4.19,67,14.19
1,4.20,78,14.20
1,4.21,0,14.21
1,4.22,83,14.22
1,4.23,0,14.23
1,4.24,0,14.24
1,4.25,84,14.25
1,4.26,84,14.26
1,4.27,0,14.27
1,4.28,75,14.28
1,4.29,0,14.29
1,4.30,69,14.30
1,4.31,75,14.31
1,4.32,79,14.32
1,4.33,0,14.33
1,4.34,0,14.34
1,4.35,76,14.35
1,4.36,72,14.36
1,4.37,80,14.37
1,4.38,0,14.38
1,4.39,0,14.39
1,4.40,67,14.40
1,4.41,73,14.41
1,4.42,0,14.42
1,4.43,0,14.43
1,4.44,68,14.44
1,4.45,65,14.45
1,4.46,0,14.46
1,4.47,82,14.47
1,4.48,64,14.48
1,4.49,64,14.49
1,4.50,0,14.50
1,4.51,66,14.51
1,4.52,73,14.52
1,4.53,0,14.53
1,4.54,70,14.54
1,4.55,69,14.55
1,4.56,70,14.56
1,4.57,0,14.57
1,4.58,90,14.58
1,4.59,89,14.59
1,4.60,0,14.60
1,4.61,77,14.61
1,4.62,0,14.62
1,4.63,0,14.63
1,4.64,69,14.64
1,4.65,0,14.65
1,4.66,79,14.66
1,4.67,0,14.67
1,4.68,0,14.68
1,4.69,0,14.69
1,4.70,86,14.70
1,4.71,87,14.71
1,4.72,86,14.72
1,4.73,88,14.73
1,4.74,88,14.74
1,4.75,88,14.75
1,4.76,91,14.76
1,4.77,89,14.77
1,4.78,89,14.78
1,4.79,0,14.79
1,4.80,74,14.80
1,4.81,95,14.81
1,4.82,94,14.82
1,4.83,75,14.83
1,4.84,0,14.84
1,4.85,0,14.85
1,4.86,87,14.86
1,4.87,95,14.87
1,4.88,78,14.88
1,4.89,0,14.89
1,4.90,94,14.90
1,4.91,94,14.91
1,4.92,0,14.92
1,4.93,93,14.93
1,4.94,91,14.94
1,4.95,0,14.95
1,4.96,91,14.96
1,4.97,0,14.97
1,4.98,92,14.98
1,4.99,0,14.99
1,4.100,0,14.100
1,4.101,0,14.101
1,4.102,0,14.102
1,4.103,0,14.103
1,4.104,90,14.104
1,4.105,90,14.105
1,4.106,0,14.106
1,4.107,0,14.107
1,4.108,96,14.108
1,4.109,91,14.109
1,4.110,0,14.110
1,4.111,0,14.111
1,4.112,0,14.112
1,4.113,91,14.113
1,4.114,91,14.114
1,4.115,0,14.115
1,4.116,80,14.116
1,4.117,0,14.117
1,4.118,0,14.118
1,4.119,72,14.119
1,4.120,70,14.120
1,4.121,0,14.121
1,4.122,0,14.122
1,4.123,0,14.123
1,4.124,0,14.124
1,4.125,0,14.125
1,4.126,0,14.126
1,4.127,0,14.127
1,4.128,0,14.128
1,4.129,0,14.129
1,4.130,0,14.130
1,4.131,0,14.131
1,4.132,0,14.132
1,4.133,0,14.133
1,4.134,0,14.134
1,4.135,0,14.135
1,4.136,0,14.136
1,4.137,0,14.137
1,4.138,0,14.138
1,4.139,0,14.139
1,4.140,0,14.140
1,4.141,0,14.141
1,4.142,0,14.142
1,5.1,109,15.1
1,5.2,109,15.2
1,5.3,0,15.3
1,5.4,0,15.4
1,5.5,109,15.5
1,5.6,112,15.6
1,5.7,112,15.7
1,5.8,112,15.8
1,5.9,105,15.9
1,5.10,111,15.10
1,5.11,112,15.11
1,5.12,112,15.12
1,5.13,105,15.13
1,5.14,113,15.14
1,5.15,104,15.15
1,5.16,105,15.16
1,5.17,104,15.17
1,5.18,104,15.18
1,5.19,0,15.19
1,5.20,105,15.20
1,5.21,106,15.21
1,5.22,114,15.22
1,5.23,0,15.23
1,5.24,0,15.24
1,5.25,115,15.25
1,5.26,101,15.26
1,5.27,115,15.27
1,5.28,110,15.28
1,5.29,110,15.29
1,5.30,113,15.30
1,5.31,111,15.31
1,5.32,111,15.32
1,5.33,116,15.33
1,5.34,116,15.34
1,5.35,113,15.35
1,5.36,0,15.36
1,5.37,112,15.37
1,5.38,0,15.38
1,5.39,109,15.39
1,5.40,0,15.40
1,5.41,116,15.41
1,5.42,117,15.42
1,5.43,117,15.43
1,5.44,102,15.44
1,5.45,0,15.45
1,5.46,124,15.46
1,5.47,0,15.47
1,5.48,0,15.48
1,5.49,0,15.49
1,5.50,106,15.50
1,5.51,0,15.51
1,5.52,0,15.52
1,5.53,0,15.53
1,5.54,107,15.54
1,5.55,106,15.55
1,5.56,121,15.56
1,5.57,0,15.57
1,5.58,0,15.58
1,5.59,105,15.59
1,5.60,0,15.60
1,5.61,0,15.61
1,5.62,119,15.62
1,5.63,108,15.63
1,5.64,0,15.64
1,5.65,0,15.65
1,5.66,0,15.66
1,5.67,118,15.67
1,5.68,118,15.68
1,5.69,0,15.69
1,5.70,0,15.70
1,5.71,118,15.71
1,5.72,0,15.72
1,5.73,0,15.73
1,5.74,0,15.74
1,5.75,0,15.75
1,5.76,0,15.76
1,5.77,0,15.77
1,5.78,0,15.78
1,6.1,127,16.1
1,6.2,130,16.2
1,6.3,131,16.3
1,6.4,131,16.4
1,6.5,132,16.5
1,6.6,131,16.6
1,6.7,130,16.7
1,6.8,129,16.8
1,6.9,128,16.9
1,6.10,133,16.10
1,6.11,128,16.11
1,6.12,133,16.12
1,6.13,133,16.13
1,6.14,0,16.14
1,6.15,133,16.15
1,6.16,133,16.16
1,6.17,0,16.17
1,6.18,0,16.18
1,7.1,148,17.1
1,7.2,147,17.2
1,7.3,147,17.3
1,7.4,143,17.4
1,7.5,151,17.5
1,7.6,0,17.6
1,7.7,153,17.7
1,7.8,0,17.8
1,7.9,145,17.9
1,7.10,149,17.10
1,7.11,149,17.11
1,7.12,149,17.12
1,7.13,0,17.13
1,7.14,0,17.14
1,7.15,161,17.15
1,7.16,161,17.16
1,7.17,0,17.17
1,7.18,157,17.18
1,7.19,0,17.19
1,7.20,152,17.20
1,7.21,0,17.21
1,7.22,154,17.22
1,7.23,146,17.23
1,7.24,155,17.24
1,7.25,162,17.25
1,7.26,155,17.26
1,7.27,155,17.27
1,7.28,145,17.28
1,7.29,145,17.29
1,7.30,145,17.30
1,7.31,155,17.31
1,7.32,155,17.32
1,7.33,155,17.33
1,7.34,156,17.34
1,7.35,156,17.35
1,7.36,148,17.36
1,7.37,147,17.37
1,7.38,162,17.38
1,7.39,163,17.39
1,7.40,154,17.40
1,7.41,149,17.41
1,7.42,0,17.42
1,7.43,0,17.43
1,7.44,157,17.44
1,7.45,156,17.45
1,7.46,160,17.46
1,7.47,160,17.47
1,7.48,160,17.48
1,7.49,160,17.49
1,7.50,160,17.50
1,7.51,163,17.51
1,7.52,159,17.52
1,7.53,0,17.53
1,7.54,0,17.54
1,7.55,0,17.55
1,7.56,0,17.56
1,7.57,0,17.57
1,7.58,0,17.58
1,7.59,155,17.59
1,7.60,155,17.60
1,7.61,156,17.61
1,7.62,156,17.62
1,7.63,156,17.63
1,7.64,156,17.64
1,7.65,0,17.65
1,7.66,0,17.66
1,7.67,0,17.67
1,7.68,0,17.68
1,7.69,0,17.69
1,7.70,149,17.70
1,7.71,149,17.71
1,7.72,156,17.72
1,7.73,0,17.73
1,7.74,161,17.74
1,7.75,156,17.75
1,7.76,0,17.76
1,7.77,0,17.77
1,7.78,156,17.78
1,7.79,0,17.79
1,7.80,159,17.80
1,7.81,150,17.81
1,7.82,0,17.82
1,7.83,0,17.83
1,7.84,150,17.84
1,7.85,150,17.85
1,7.86,150,17.86
1,7.87,159,17.87
1,7.88,158,17.88
1,7.89,159,17.89
1,7.90,157,17.90
1,7.91,157,17.91
1,7.92,157,17.92
1,7.93,0,17.93
1,7.94,159,17.94
1,7.95,0,17.95
1,7.96,156,17.96
1,7.97,0,17.97
1,7.98,0,17.98
1,7.99,0,17.99
1,7.100,0,17.100
1,7.101,0,17.101
1,7.102,0,17.102
1,7.103,0,17.103
1,7.104,0,17.104
1,7.105,0,17.105
1,7.106,0,17.106
1,7.107,0,17.107
1,7.108,0,17.108
1,7.109,0,17.109
1,7.110,163,17.110
1,7.111,0,17.111
1,7.112,151,17.112
1,7.113,0,17.113
1,7.114,149,17.114
1,7.115,149,17.115
1,7.116,163,17.116
1,7.117,146,17.117
1,7.118,147,17.118
1,7.119,0,17.119
1,7.120,144,17.120
1,7.121,148,17.121
1,7.122,0,17.122
1,7.123,137,17.123
1,7.124,143,17.124
1,7.125,139,17.125
1,7.126,146,17.126
1,7.127,0,17.127
1,7.128,139,17.128
1,7.129,139,17.129
1,7.130,141,17.130
1,7.131,139,17.131
1,7.132,138,17.132
1,7.133,138,17.133
1,7.134,139,17.134
1,7.135,138,17.135
1,7.136,142,17.136
1,7.137,139,17.137
1,7.138,144,17.138
1,7.139,137,17.139
1,7.140,137,17.140
1,7.141,142,17.141
1,7.142,141,17.142
1,7.143,142,17.143
1,7.144,141,17.144
1,7.145,149,17.145
1,7.146,149,17.146
1,7.147,155,17.147
1,7.148,155,17.148
1,7.149,156,17.149
1,7.150,156,17.150
1,7.151,157,17.151
1,7.152,157,17.152
1,7.153,157,17.153
1,7.154,146,17.154
1,7.155,145,17.155
1,7.156,162,17.156
1,7.157,162,17.157
1,7.158,162,17.158
1,7.159,148,17.159
1,7.160,0,17.160
1,7.161,0,17.161
1,7.162,0,17.162
1,7.163,0,17.163
1,7.164,0,17.164
1,7.165,0,17.165
1,7.166,0,17.166
1,7.167,0,17.167
1,7.168,0,17.168
1,7.169,0,17.169
1,7.170,0,17.170
1,7.171,0,17.171
1,7.172,0,17.172
1,7.173,0,17.173
1,7.174,0,17.174
1,7.175,0,17.175
1,7.176,0,17.176
1,7.177,0,17.177
1,7.178,0,17.178
1,7.179,0,17.179
1,7.180,0,17.180
1,7.181,0,17.181
1,7.182,0,17.182
1,7.183,0,17.183
1,7.184,0,17.184
1,7.185,0,17.185
1,7.186,0,17.186
1,7.187,0,17.187
1,7.188,0,17.188
1,7.189,0,17.189
1,8.1,166,18.1
1,8.2,0,18.2
1,8.3,169,18.3
1,8.4,169,18.4
1,8.5,0,18.5
1,8.6,166,18.6
1,8.7,168,18.7
1,8.8,0,18.8
1,8.9,0,18.9
1,8.10,0,18.10
1,8.11,166,18.11
1,8.12,166,18.12
1,8.13,0,18.13
1,8.14,0,18.14
1,8.15,166,18.15
1,8.16,173,18.16
1,8.17,169,18.17
1,8.18,181,18.18
1,8.19,181,18.19
1,8.20,181,18.20
1,8.21,0,18.21
1,8.22,0,18.22
1,8.23,180,18.23
1,8.24,181,18.24
1,8.25,181,18.25
1,8.26,0,18.26
1,8.27,182,18.27
1,8.28,0,18.28
1,8.29,166,18.29
1,8.30,0,18.30
1,8.31,0,18.31
1,8.32,182,18.32
1,8.33,0,18.33
1,8.34,0,18.34
1,8.35,0,18.35
1,8.36,0,18.36
1,8.37,0,18.37
1,8.38,183,18.38
1,8.39,0,18.39
1,8.40,0,18.40
1,8.41,0,18.41
1,8.42,184,18.42
1,8.43,184,18.43
1,8.44,184,18.44
1,8.45,0,18.45
1,8.46,0,18.46
1,8.47,185,18.47
1,8.48,0,18.48
1,8.49,0,18.49
1,8.50,0,18.50
1,8.51,0,18.51
1,8.52,0,18.52
1,8.53,0,18.53
1,8.54,0,18.54
1,8.55,0,18.55
1,8.56,0,18.56
1,8.57,0,18.57
1,8.58,0,18.58
1,8.59,0,18.59
1,8.60,0,18.60
1,8.61,185,18.61
1,8.62,0,18.62
1,8.63,0,18.63
1,8.64,0,18.64
1,8.65,0,18.65
1,8.66,0,18.66
1,8.67,183,18.67
1,8.68,0,18.68
1,8.69,0,18.69
1,8.70,0,18.70
1,8.71,0,18.71
1,8.72,183,18.72
1,8.73,0,18.73
1,8.74,186,18.74
1,8.75,187,18.75
1,8.76,186,18.76
1,8.77,176,18.77
1,8.78,0,18.78
1,8.79,169,18.79
1,8.80,0,18.80
1,8.81,0,18.81
1,8.82,0,18.82
1,8.83,0,18.83
1,8.84,0,18.84
1,8.85,0,18.85
1,8.86,0,18.86
1,8.87,0,18.87
1,8.88,0,18.88
1,8.89,0,18.89
1,8.90,0,18.90
1,8.91,0,18.91
1,8.92,0,18.92
1,8.93,0,18.93
1,8.94,0,18.94
1,8.95,0,18.95
1,8.96,0,18.96
1,8.97,0,18.97
1,8.98,0,18.98
1,8.99,0,18.99
1,8.100,0,18.100
1,8.101,0,18.101
1,8.102,0,18.102
1,8.103,0,18.103
1,8.104,0,18.104
1,8.105,0,18.105
1,8.106,0,18.106
1,8.107,0,18.107
1,8.108,0,18.108
1,8.109,0,18.109
1,8.110,0,18.110
1,9.1,191,19.1
1,9.2,194,19.2
1,9.3,194,19.3
1,9.4,195,19.4
1,9.5,203,19.5
1,9.6,0,19.6
1,9.7,203,19.7
1,9.8,196,19.8
1,9.9,204,19.9
1,9.10,195,19.10
1,9.11,195,19.11
1,9.12,204,19.12
1,9.13,205,19.13
1,9.14,206,19.14
1,9.15,206,19.15
1,9.16,0,19.16
1,9.17,200,19.17
1,9.18,0,19.18
1,9.19,0,19.19
1,9.20,204,19.20
1,9.21,197,19.21
1,9.22,197,19.22
1,9.23,200,19.23
1,9.24,200,19.24
1,9.25,200,19.25
1,9.26,0,19.26
1,9.27,198,19.27
1,9.28,201,19.28
1,9.29,0,19.29
1,9.30,0,19.30
1,9.31,0,19.31
1,9.32,198,19.32
1,9.33,198,19.33
1,9.34,199,19.34
1,9.35,202,19.35
1,9.36,199,19.36
1,9.37,206,19.37
1,9.38,207,19.38
1,9.39,207,19.39
1,9.40,199,19.40
1,9.41,0,19.41
1,9.42,208,19.42
1,9.43,208,19.43
1,9.44,213,19.44
1,9.45,208,19.45
1,9.46,211,19.46
1,9.47,212,19.47
1,9.48,212,19.48
1,9.49,209,19.49
1,9.50,0,19.50
1,9.51,211,19.51
1,9.52,0,19.52
1,9.53,210,19.53
1,9.54,210,19.54
1,9.55,200,19.55
1,9.56,218,19.56
1,9.57,213,19.57
1,9.58,214,19.58
1,9.59,215,19.59
1,9.60,215,19.60
1,9.61,213,19.61
1,9.62,215,19.62
1,9.63,216,19.63
1,9.64,216,19.64
1,9.65,215,19.65
1,9.66,217,19.66
1,9.67,217,19.67
1,9.68,0,19.68
1,9.69,215,19.69
1,9.70,215,19.70
1,9.71,215,19.71
1,9.72,0,19.72
1,9.73,219,19.73
1,9.74,213,19.74
1,9.75,209,19.75
1,9.76,215,19.76
1,9.77,215,19.77
1,9.78,0,19.78
1,9.79,232,19.79
1,9.80,233,19.80
1,9.81,234,19.81
1,9.82,234,19.82
1,9.83,236,19.83
1,9.84,236,19.84
1,9.85,0,19.85
1,9.86,0,19.86
1,9.87,0,19.87
1,9.88,0,19.88
1,9.89,234,19.89
1,9.90,0,19.90
1,9.91,0,19.91
1,9.92,0,19.92
1,9.93,235,19.93
1,9.94,235,19.94
1,9.95,231,19.95
1,9.96,0,19.96
1,9.97,225,19.97
1,9.98,222,19.98
1,9.99,220,19.99
1,9.100,221,19.100
1,9.101,221,19.101
1,9.102,221,19.102
1,9.103,222,19.103
1,9.104,222,19.104
1,9.105,0,19.105
1,9.106,222,19.106
1,9.107,221,19.107
1,9.108,221,19.108
1,9.109,223,19.109
1,9.110,222,19.110
1,9.111,239,19.111
1,9.112,222,19.112
1,9.113,223,19.113
1,9.114,227,19.114
1,9.115,227,19.115
1,9.116,0,19.116
1,9.117,0,19.117
1,9.118,228,19.118
1,9.119,0,19.119
1,9.120,227,19.120
1,9.121,0,19.121
1,9.122,226,19.122
1,9.123,229,19.123
1,9.124,229,19.124
1,9.125,0,19.125
1,9.126,228,19.126
1,9.127,229,19.127
1,9.128,202,19.128
1,9.129,0,19.129
1,9.130,0,19.130
1,9.131,0,19.131
1,9.132,0,19.132
1,9.133,239,19.133
1,9.134,239,19.134
1,9.135,240,19.135
1,9.136,0,19.136
1,9.137,230,19.137
1,9.138,0,19.138
1,9.139,0,19.139
1,9.140,0,19.140
1,9.141,0,19.141
1,9.142,0,19.142
1,9.143,0,19.143
1,9.144,0,19.144
1,9.145,0,19.145
1,9.146,198,19.146
1,9.147,0,19.147
1,9.148,198,19.148
1,9.149,225,19.149
1,9.150,223,19.150
1,9.151,229,19.151
1,9.152,224,19.152
1,9.153,224,19.153
1,9.154,229,19.154
1,9.155,242,19.155
1,9.156,241,19.156
1,9.157,242,19.157
1,9.158,242,19.158
1,9.159,207,19.159
1,9.160,207,19.160
1,9.161,237,19.161
1,9.162,238,19.162
1,9.163,238,19.163
1,9.164,238,19.164
1,9.165,238,19.165
1,9.166,237,19.166
1,9.167,233,19.167
1,9.168,235,19.168
1,9.169,190,19.169
1,9.170,191,19.170
1,9.171,193,19.171
1,9.172,204,19.172
1,9.173,243,19.173
1,9.174,231,19.174
1,9.175,230,19.175
1,9.176,227,19.176
1,9.177,228,19.177
1,9.178,242,19.178
1,9.179,243,19.179
1,9.180,232,19.180
1,9.181,212,19.181
1,9.182,212,19.182
1,9.183,0,19.183
1,9.184,0,19.184
1,9.185,0,19.185
1,9.186,0,19.186
1,9.187,0,19.187
1,9.188,0,19.188
1,9.189,0,19.189
1,9.190,0,19.190
1,9.191,0,19.191
1,9.192,0,19.192
1,9.193,0,19.193
1,9.194,0,19.194
1,9.195,0,19.195
1,9.196,0,19.196
1,9.197,0,19.197
1,9.198,0,19.198
1,10.1,247,110.1
1,10.2,0,110.2
1,10.3,248,110.3
1,10.4,249,110.4
1,10.5,250,110.5
1,10.6,247,110.6
1,10.7,0,110.7
1,10.8,245,110.8
1,10.9,247,110.9
1,10.10,258,110.10
1,10.11,252,110.11
1,10.12,253,110.12
1,10.13,252,110.13
1,10.14,253,110.14
1,10.15,255,110.15
1,10.16,256,110.16
1,10.17,259,110.17
1,10.18,259,110.18
1,10.19,258,110.19
1,10.20,255,110.20
1,10.21,259,110.21
1,10.22,253,110.22
1,10.23,254,110.23
1,10.24,254,110.24
1,10.25,254,110.25
1,10.26,259,110.26
1,10.27,256,110.27
1,10.28,257,110.28
1,10.29,257,110.29
1,10.30,255,110.30
1,10.31,254,110.31
1,10.32,247,110.32
1,10.33,248,110.33
1,10.34,263,110.34
1,10.35,264,110.35
1,10.36,265,110.36
1,10.37,249,110.37
1,10.38,247,110.38
1,10.39,245,110.39
1,10.40,260,110.40
1,10.41,261,110.41
1,10.42,246,110.42
1,10.43,246,110.43
1,10.44,266,110.44
1,10.45,265,110.45
1,10.46,262,110.46
1,10.47,261,110.47
1,10.48,249,110.48
1,10.49,248,110.49
1,10.50,250,110.50
1,10.51,262,110.51
1,10.52,250,110.52
1,10.53,267,110.53
1,10.54,266,110.54
1,10.55,267,110.55
1,10.56,268,110.56
1,10.57,268,110.57
1,10.58,266,110.58
1,10.59,268,110.59
1,10.60,252,110.60
1,10.61,252,110.61
1,10.62,279,110.62
1,10.63,276,110.63
1,10.64,276,110.64
1,10.65,276,110.65
1,10.66,276,110.66
1,10.67,0,110.67
1,10.68,281,110.68
1,10.69,281,110.69
1,10.70,283,110.70
1,10.71,280,110.71
1,10.72,280,110.72
1,10.73,249,110.73
1,10.74,0,110.74
1,10.75,0,110.75
1,10.76,0,110.76
1,10.77,0,110.77
1,10.78,0,110.78
1,10.79,0,110.79
1,10.80,0,110.80
1,10.81,0,110.81
1,10.82,0,110.82
1,10.83,0,110.83
1,10.84,0,110.84
1,10.85,0,110.85
1,11.1,287,111.1
1,11.2,288,111.2
1,11.3,297,111.3
1,11.4,289,111.4
1,11.5,289,111.5
1,11.6,289,111.6
1,11.7,289,111.7
1,11.8,289,111.8
1,11.9,289,111.9
1,11.10,289,111.10
1,11.11,292,111.11
1,11.12,289,111.12
1,11.13,287,111.13
1,11.14,290,111.14
1,11.15,292,111.15
1,11.16,288,111.16
1,11.17,288,111.17
1,11.18,294,111.18
1,11.19,289,111.19
1,11.20,290,111.20
1,11.21,290,111.21
1,11.22,295,111.22
1,11.23,296,111.23
1,11.24,297,111.24
1,11.25,0,111.25
1,11.26,0,111.26
1,11.27,0,111.27
1,11.28,0,111.28
1,11.29,0,111.29
1,11.30,0,111.30
1,11.31,0,111.31
1,11.32,0,111.32
1,11.33,0,111.33
1,11.34,0,111.34
1,11.35,0,111.35
1,12.1,298,112.1
1,12.2,298,112.2
1,12.3,299,112.3
1,12.4,0,112.4
1,12.5,326,112.5
1,12.6,324,112.6
1,12.7,324,112.7
1,12.8,325,112.8
1,12.9,326,112.9
1,12.10,318,112.10
1,12.11,326,112.11
1,12.12,326,112.12
1,12.13,315,112.13
1,12.14,321,112.14
1,12.15,322,112.15
1,12.16,319,112.16
1,12.17,325,112.17
1,12.18,326,112.18
1,12.19,314,112.19
1,12.20,315,112.20
1,12.21,0,112.21
1,12.22,311,112.22
1,12.23,311,112.23
1,12.24,311,112.24
1,12.25,311,112.25
1,12.26,313,112.26
1,12.27,316,112.27
1,12.28,316,112.28
1,12.29,322,112.29
1,12.30,309,112.30
1,12.31,318,112.31
1,12.32,310,112.32
1,12.33,310,112.33
1,12.34,325,112.34
1,12.35,325,112.35
1,12.36,302,112.36
1,12.37,301,112.37
1,12.38,303,112.38
1,12.39,303,112.39
1,12.40,302,112.40
1,12.41,302,112.41
1,12.42,302,112.42
1,12.43,304,112.43
1,12.44,306,112.44
1,12.45,302,112.45
1,12.46,306,112.46
1,12.47,308,112.47
1,12.48,303,112.48
1,12.49,304,112.49
1,12.50,307,112.50
1,12.51,307,112.51
1,12.52,310,112.52
1,12.53,310,112.53
1,12.54,309,112.54
1,12.55,307,112.55
1,12.56,301,112.56
1,12.57,0,112.57
1,12.58,318,112.58
1,12.59,313,112.59
1,12.60,316,112.60
1,12.61,308,112.61
1,12.62,308,112.62
1,12.63,305,112.63
1,12.64,308,112.64
1,12.65,309,112.65
1,12.66,312,112.66
1,12.67,320,112.67
1,12.68,320,112.68
1,12.69,320,112.69
1,12.70,319,112.70
1,12.71,319,112.71
1,12.72,327,112.72
1,12.73,327,112.73
1,12.74,327,112.74
1,12.75,318,112.75
1,12.76,301,112.76
1,12.77,301,112.77
1,12.78,301,112.78
1,12.79,303,112.79
1,12.80,316,112.80
1,12.81,311,112.81
1,12.82,311,112.82
1,12.83,312,112.83
1,12.84,312,112.84
1,12.85,0,112.85
1,12.86,0,112.86
1,12.87,0,112.87
1,12.88,0,112.88
1,12.89,0,112.89
1,12.90,0,112.90
1,12.91,0,112.91
1,12.92,0,112.92
1,12.93,0,112.93
1,12.94,0,112.94
1,12.95,0,112.95
1,12.96,0,112.96
1,12.97,0,112.97
1,12.98,0,112.98
1,13.1,338,113.1
1,13.2,333,113.2
1,13.3,340,113.3
1,13.4,334,113.4
1,13.5,345,113.5
1,13.6,342,113.6
1,13.7,334,113.7
1,13.8,333,113.8
1,13.9,335,113.9
1,13.10,342,113.10
1,13.11,343,113.11
1,13.12,341,113.12
1,13.13,0,113.13
1,13.14,332,113.14
1,13.15,341,113.15
1,13.16,339,113.16
1,13.17,332,113.17
1,13.18,340,113.18
1,13.19,340,113.19
1,13.20,332,113.20
1,13.21,332,113.21
1,13.22,333,113.22
1,13.23,333,113.23
1,13.24,336,113.24
1,13.25,336,113.25
1,13.26,336,113.26
1,13.27,336,113.27
1,13.28,336,113.28
1,13.29,0,113.29
1,13.30,338,113.30
1,13.31,338,113.31
1,13.32,0,113.32
1,13.33,336,113.33
1,13.34,337,113.34
1,13.35,337,113.35
1,13.36,335,113.36
1,13.37,0,113.37
1,13.38,344,113.38
1,13.39,346,113.39
1,13.40,347,113.40
1,13.41,342,113.41
1,13.42,338,113.42
1,13.43,337,113.43
1,13.44,337,113.44
1,13.45,338,113.45
1,13.46,347,113.46
1,13.47,0,113.47
1,13.48,0,113.48
1,13.49,0,113.49
1,13.50,0,113.50
1,13.51,0,113.51
1,13.52,0,113.52
1,13.53,0,113.53
1,13.54,0,113.54
1,13.55,0,113.55
1,13.56,0,113.56
1,13.57,0,113.57
1,13.58,0,113.58
1,13.59,0,113.59
1,13.60,0,113.60
1,13.61,0,113.61
1,13.62,0,113.62
1,14.1,357,114.1
1,14.2,351,114.2
1,14.3,352,114.3
1,14.4,352,114.4
1,14.5,356,114.5
1,14.6,352,114.6
1,14.7,353,114.7
1,14.8,354,114.8
1,14.9,354,114.9
1,14.10,357,114.10
1,14.11,355,114.11
1,14.12,355,114.12
1,14.13,356,114.13
1,14.14,353,114.14
1,14.15,358,114.15
1,14.16,359,114.16
1,14.17,359,114.17
1,14.18,360,114.18
1,14.19,360,114.19
1,14.20,365,114.20
1,14.21,365,114.21
1,14.22,366,114.22
1,14.23,366,114.23
1,14.24,367,114.24
1,14.25,367,114.25
1,14.26,368,114.26
1,14.27,364,114.27
1,14.28,364,114.28
1,14.29,368,114.29
1,14.30,364,114.30
1,14.31,369,114.31
1,14.32,371,114.32
1,14.33,374,114.33
1,14.34,373,114.34
1,14.35,363,114.35
1,14.36,359,114.36
1,14.37,0,114.37
1,14.38,0,114.38
1,14.39,0,114.39
1,14.40,0,114.40
1,14.41,0,114.41
1,14.42,0,114.42
1,14.43,0,114.43
1,14.44,0,114.44
1,14.45,0,114.45
1,14.46,0,114.46
1,14.47,0,114.47
1,14.48,0,114.48
1,14.49,0,114.49
1,14.50,0,114.50
1,14.51,0,114.51
1,14.52,0,114.52
2,1.1,40,21.1
2,1.2,40,21.2
2,1.3,40,21.3
2,1.4,0,21.4
2,1.5,40,21.5
2,1.6,0,21.6
2,1.7,41,21.7
2,1.8,11,21.8
2,1.9,11,21.9
2,1.10,10,21.10
2,1.11,12,21.11
2,1.12,13,21.12
2,1.13,14,21.13
2,1.14,13,21.14
2,1.15,11,21.15
2,1.16,11,21.16
2,1.17,9,21.17
2,1.18,9,21.18
2,1.19,9,21.19
2,1.20,13,21.20
2,1.21,11,21.21
2,1.22,0,21.22
2,1.23,14,21.23
2,1.24,43,21.24
2,1.25,12,21.25
2,1.26,31,21.26
2,1.27,0,21.27
2,1.28,15,21.28
2,1.29,0,21.29
2,1.30,0,21.30
2,1.31,15,21.31
2,1.32,16,21.32
2,1.33,21,21.33
2,1.34,17,21.34
2,1.35,18,21.35
2,1.36,25,21.36
2,1.37,17,21.37
2,1.38,26,21.38
2,1.39,0,21.39
2,1.40,27,21.40
2,1.41,28,21.41
2,1.42,0,21.42
2,1.43,30,21.43
2,1.44,26,21.44
2,1.45,0,21.45
2,1.46,0,21.46
2,1.47,0,21.47
2,1.48,27,21.48
2,1.49,28,21.49
2,1.50,25,21.50
2,1.51,25,21.51
2,1.52,25,21.52
2,1.53,31,21.53
2,1.54,34,21.54
2,1.55,0,21.55
2,1.56,35,21.56
2,1.57,37,21.57
2,1.58,39,21.58
2,1.59,29,21.59
2,1.60,36,21.60
2,1.61,29,21.61
2,1.62,18,21.62
2,1.63,33,21.63
2,1.64,26,21.64
2,1.65,16,21.65
2,1.66,32,21.66
2,1.67,32,21.67
2,1.68,33,21.68
2,1.69,0,21.69
2,1.70,25,21.70
2,1.71,19,21.71
2,1.72,34,21.72
2,1.73,0,21.73
2,1.74,23,21.74
2,1.75,22,21.75
2,1.76,23,21.76
2,1.77,0,21.77
2,1.78,24,21.78
2,1.79,22,21.79
2,1.80,22,21.80
2,1.81,0,21.81
2,1.82,9,21.82
2,1.83,22,21.83
2,1.84,20,21.84
2,1.85,0,21.85
2,1.86,38,21.86
2,1.87,38,21.87
2,1.88,38,21.88
2,1.89,39,21.89
2,1.90,43,21.90
2,1.91,43,21.91
2,1.92,42,21.92
2,1.93,42,21.93
2,1.94,42,21.94
2,1.95,43,21.95
2,1.96,19,21.96
2,1.97,19,21.97
2,1.98,20,21.98
2,1.99,17,21.99
2,1.100,0,21.100
2,1.101,0,21.101
2,1.102,0,21.102
2,1.103,0,21.103
2,2.1,47,22.1
2,2.2,47,22.2
2,2.3,47,22.3
2,2.4,48,22.4
2,2.5,49,22.5
2,2.6,48,22.6
2,2.7,48,22.7
2,2.8,48,22.8
2,2.9,0,22.9
2,2.10,53,22.10
2,2.11,53,22.11
2,2.12,53,22.12
2,2.13,54,22.13
2,2.14,54,22.14
2,2.15,53,22.15
2,2.16,54,22.16
2,2.17,53,22.17
2,2.18,52,22.18
2,2.19,54,22.19
2,2.20,54,22.20
2,2.21,51,22.21
2,2.22,54,22.22
2,2.23,53,22.23
2,2.24,49,22.24
2,3.1,57,23.1
2,3.2,56,23.2
2,3.3,57,23.3
2,3.4,58,23.4
2,3.5,71,23.5
2,3.6,70,23.6
2,3.7,68,23.7
2,3.8,69,23.8
2,3.9,73,23.9
2,3.10,69,23.10
2,3.11,71,23.11
2,3.12,72,23.12
2,3.13,0,23.13
2,3.14,73,23.14
2,3.15,0,23.15
2,3.16,70,23.16
2,3.17,0,23.17
2,3.18,0,23.18
2,3.19,75,23.19
2,3.20,0,23.20
2,3.21,0,23.21
2,3.22,0,23.22
2,3.23,0,23.23
2,3.24,61,23.24
2,3.25,61,23.25
2,3.26,61,23.26
2,3.27,63,23.27
2,3.28,68,23.28
2,3.29,59,23.29
2,3.30,60,23.30
2,3.31,60,23.31
2,3.32,63,23.32
2,3.33,62,23.33
2,3.34,62,23.34
2,3.35,58,23.35
2,3.36,0,23.36
2,3.37,63,23.37
2,3.38,0,23.38
2,3.39,0,23.39
2,3.40,58,23.40
2,3.41,64,23.41
2,3.42,65,23.42
2,3.43,60,23.43
2,3.44,59,23.44
2,3.45,0,23.45
2,3.46,0,23.46
2,3.47,0,23.47
2,3.48,0,23.48
2,3.49,0,23.49
2,3.50,0,23.50
2,3.51,0,23.51
2,3.52,0,23.52
2,4.1,77,24.1
2,4.2,89,24.2
2,4.3,0,24.3
2,4.4,78,24.4
2,4.5,77,24.5
2,4.6,0,24.6
2,4.7,0,24.7
2,4.8,78,24.8
2,4.9,0,24.9
2,4.10,80,24.10
2,4.11,80,24.11
2,4.12,82,24.12
2,4.13,0,24.13
2,4.14,0,24.14
2,4.15,0,24.15
2,4.16,80,24.16
2,4.17,82,24.17
2,4.18,82,24.18
2,4.19,84,24.19
2,4.20,84,24.20
2,4.21,79,24.21
2,4.22,84,24.22
2,4.23,84,24.23
2,4.24,0,24.24
2,4.25,79,24.25
2,4.26,79,24.26
2,4.27,88,24.27
2,4.28,89,24.28
2,4.29,89,24.29
2,4.30,93,24.30
2,4.31,93,24.31
2,4.32,90,24.32
2,4.33,91,24.33
2,4.34,0,24.34
2,4.35,90,24.35
2,4.36,0,24.36
2,4.37,93,24.37
2,4.38,100,24.38
2,4.39,97,24.39
2,4.40,102,24.40
2,4.41,94,24.41
2,4.42,96,24.42
2,4.43,101,24.43
2,4.44,101,24.44
2,4.45,0,24.45
2,4.46,0,24.46
2,4.47,100,24.47
2,4.48,0,24.48
2,4.49,102,24.49
2,4.50,0,24.50
2,4.51,0,24.51
2,4.52,0,24.52
2,4.53,0,24.53
2,4.54,0,24.54
2,4.55,0,24.55
2,4.56,96,24.56
2,4.57,96,24.57
2,4.58,94,24.58
2,4.59,101,24.59
2,4.60,76,24.60
2,4.61,0,24.61
2,4.62,0,24.62
2,4.63,92,24.63
2,4.64,0,24.64
2,4.65,92,24.65
2,4.66,0,24.66
2,4.67,95,24.67
2,4.68,0,24.68
2,4.69,98,24.69
2,4.70,99,24.70
2,4.71,84,24.71
2,4.72,85,24.72
2,4.73,86,24.73
2,4.74,87,24.74
2,4.75,0,24.75
2,4.76,0,24.76
2,4.77,95,24.77
2,4.78,0,24.78
2,4.79,0,24.79
2,4.80,0,24.80
2,4.81,0,24.81
2,4.82,0,24.82
2,4.83,0,24.83
2,4.84,0,24.84
2,4.85,0,24.85
2,5.1,107,25.1
2,5.2,110,25.2
2,5.3,109,25.3
2,5.4,111,25.4
2,5.5,116,25.5
2,5.6,105,25.6
2,5.7,0,25.7
2,5.8,111,25.8
2,5.9,110,25.9
2,5.10,107,25.10
2,5.11,111,25.11
2,5.12,113,25.12
2,5.13,113,25.13
2,5.14,113,25.14
2,5.15,113,25.15
2,5.16,113,25.16
2,5.17,113,25.17
2,5.18,113,25.18
2,5.19,111,25.19
2,5.20,117,25.20
2,5.21,114,25.21
2,5.22,117,25.22
2,5.23,114,25.23
2,5.24,0,25.24
2,5.25,125,25.25
2,5.26,126,25.26
2,5.27,116,25.27
2,5.28,116,25.28
2,5.29,0,25.29
2,5.30,117,25.30
2,5.31,117,25.31
2,5.32,118,25.32
2,5.33,119,25.33
2,5.34,119,25.34
2,5.35,120,25.35
2,5.36,121,25.36
2,5.37,119,25.37
2,5.38,118,25.38
2,5.39,121,25.39
2,5.40,122,25.40
2,5.41,122,25.41
2,5.42,121,25.42
2,5.43,121,25.43
2,5.44,106,25.44
2,5.45,106,25.45
2,5.46,107,25.46
2,5.47,108,25.47
2,5.48,108,25.48
2,5.49,108,25.49
2,5.50,109,25.50
2,5.51,109,25.51
2,5.52,115,25.52
2,5.53,124,25.53
2,5.54,124,25.54
2,5.55,0,25.55
2,5.56,0,25.56
2,5.57,0,25.57
2,5.58,0,25.58
2,5.59,0,25.59
2,5.60,0,25.60
2,5.61,0,25.61
2,5.62,0,25.62
2,5.63,0,25.63
2,5.64,0,25.64
2,5.65,0,25.65
2,5.66,0,25.66
2,5.67,0,25.67
2,5.68,0,25.68
2,5.69,0,25.69
2,5.70,0,25.70
2,5.71,0,25.71
2,5.72,0,25.72
2,5.73,0,25.73
2,5.74,0,25.74
2,5.75,0,25.75
2,5.76,0,25.76
2,6.1,0,26.1
2,6.2,131,26.2
2,6.3,0,26.3
2,6.4,130,26.4
2,6.5,0,26.5
2,6.6,129,26.6
2,6.7,132,26.7
2,6.8,0,26.8
2,6.9,0,26.9
2,6.10,128,26.10
2,6.11,128,26.11
2,6.12,148,26.12
2,6.13,0,26.13
2,6.14,132,26.14
2,6.15,133,26.15
2,6.16,0,26.16
2,6.17,134,26.17
2,6.18,134,26.18
2,6.19,129,26.19
2,6.20,136,26.20
2,6.21,129,26.21
2,6.22,139,26.22
2,6.23,0,26.23
2,6.24,139,26.24
2,6.25,139,26.25
2,6.26,140,26.26
2,6.27,140,26.27
2,6.28,138,26.28
2,6.29,140,26.29
2,6.30,145,26.30
2,6.31,138,26.31
2,6.32,146,26.32
2,6.33,138,26.33
2,6.34,138,26.34
2,6.35,137,26.35
2,6.36,137,26.36
2,6.37,143,26.37
2,6.38,137,26.38
2,6.39,143,26.39
2,6.40,143,26.40
2,6.41,144,26.41
2,6.42,144,26.42
2,6.43,136,26.43
2,6.44,142,26.44
2,6.45,141,26.45
2,6.46,142,26.46
2,6.47,142,26.47
2,6.48,141,26.48
2,6.49,141,26.49
2,6.50,139,26.50
2,6.51,149,26.51
2,6.52,141,26.52
2,6.53,145,26.53
2,6.54,0,26.54
2,6.55,145,26.55
2,6.56,147,26.56
2,6.57,146,26.57
2,6.58,0,26.58
2,6.59,130,26.59
2,6.60,139,26.60
2,6.61,152,26.61
2,6.62,151,26.62
2,6.63,151,26.63
2,6.64,150,26.64
2,6.65,0,26.65
2,6.66,153,26.66
2,6.67,155,26.67
2,6.68,155,26.68
2,6.69,155,26.69
2,6.70,155,26.70
2,6.71,154,26.71
2,6.72,154,26.72
2,6.73,154,26.73
2,6.74,149,26.74
2,6.75,155,26.75
2,6.76,0,26.76
2,6.77,156,26.77
2,6.78,156,26.78
2,6.79,136,26.79
2,6.80,0,26.80
2,6.81,0,26.81
2,6.82,0,26.82
2,6.83,0,26.83
2,6.84,0,26.84
2,6.85,0,26.85
2,6.86,0,26.86
2,6.87,0,26.87
2,6.88,0,26.88
2,7.1,160,27.1
2,7.2,161,27.2
2,7.3,163,27.3
2,7.4,164,27.4
2,7.5,160,27.5
2,7.6,0,27.6
2,7.7,0,27.7
2,7.8,164,27.8
2,7.9,164,27.9
2,7.10,0,27.10
2,7.11,163,27.11
2,7.12,0,27.12
2,7.13,162,27.13
2,7.14,165,27.14
2,7.15,163,27.15
2,7.16,166,27.16
2,7.17,166,27.17
2,7.18,166,27.18
2,7.19,168,27.19
2,7.20,184,27.20
2,7.21,171,27.21
2,7.22,170,27.22
2,7.23,171,27.23
2,7.24,173,27.24
2,7.25,179,27.25
2,7.26,180,27.26
2,7.27,180,27.27
2,7.28,181,27.28
2,7.29,0,27.29
2,7.30,180,27.30
2,7.31,178,27.31
2,7.32,183,27.32
2,7.33,0,27.33
2,7.34,177,27.34
2,7.35,179,27.35
2,7.36,177,27.36
2,7.37,168,27.37
2,7.38,0,27.38
2,7.39,181,27.39
2,7.40,181,27.40
2,7.41,175,27.41
2,7.42,175,27.42
2,7.43,0,27.43
2,7.44,175,27.44
2,7.45,179,27.45
2,7.46,0,27.46
2,7.47,202,27.47
2,7.48,180,27.48
2,7.49,183,27.49
2,7.50,169,27.50
2,7.51,167,27.51
2,7.52,173,27.52
2,7.53,178,27.53
2,7.54,173,27.54
2,7.55,170,27.55
2,7.56,170,27.56
2,7.57,170,27.57
2,7.58,172,27.58
2,7.59,173,27.59
2,7.60,173,27.60
2,7.61,178,27.61
2,7.62,184,27.62
2,7.63,0,27.63
2,7.64,186,27.64
2,7.65,186,27.65
2,7.66,187,27.66
2,7.67,177,27.67
2,7.68,0,27.68
2,7.69,0,27.69
2,7.70,0,27.70
2,7.71,0,27.71
2,7.72,0,27.72
2,7.73,0,27.73
2,7.74,0,27.74
2,7.75,0,27.75
2,7.76,0,27.76
2,7.77,0,27.77
2,7.78,0,27.78
2,7.79,0,27.79
2,7.80,0,27.80
2,7.81,0,27.81
2,7.82,0,27.82
2,7.83,0,27.83
2,8.1,189,28.1
2,8.2,189,28.2
2,8.3,0,28.3
2,8.4,194,28.4
2,8.5,192,28.5
2,8.6,194,28.6
2,8.7,194,28.7
2,8.8,201,28.8
2,8.9,190,28.9
2,8.10,0,28.10
2,8.11,192,28.11
2,8.12,192,28.12
2,8.13,192,28.13
2,8.14,196,28.14
2,8.15,196,28.15
2,8.16,195,28.16
2,8.17,194,28.17
2,8.18,201,28.18
2,8.19,198,28.19
2,8.20,190,28.20
2,8.21,197,28.21
2,8.22,198,28.22
2,8.23,208,28.23
2,8.24,206,28.24
2,8.25,203,28.25
2,8.26,203,28.26
2,8.27,202,28.27
2,8.28,0,28.28
2,8.29,205,28.29
2,8.30,205,28.30
2,8.31,206,28.31
2,8.32,204,28.32
2,8.33,203,28.33
2,8.34,200,28.34
2,8.35,204,28.35
2,8.36,197,28.36
2,8.37,0,28.37
2,8.38,0,28.38
2,8.39,209,28.39
2,8.40,212,28.40
2,8.41,189,28.41
2,8.42,215,28.42
2,8.43,216,28.43
2,8.44,0,28.44
2,8.45,209,28.45
2,8.46,209,28.46
2,8.47,208,28.47
2,8.48,208,28.48
2,8.49,208,28.49
2,8.50,209,28.50
2,8.51,211,28.51
2,8.52,214,28.52
2,8.53,190,28.53
2,8.54,207,28.54
2,8.55,207,28.55
2,8.56,209,28.56
2,8.57,0,28.57
2,8.58,210,28.58
2,8.59,0,28.59
2,8.60,0,28.60
2,8.61,0,28.61
2,8.62,0,28.62
2,8.63,0,28.63
2,8.64,0,28.64
2,8.65,0,28.65
2,8.66,0,28.66
2,8.67,0,28.67
2,8.68,0,28.68
2,8.69,0,28.69
2,8.70,0,28.70
2,8.71,0,28.71
2,8.72,0,28.72
2,8.73,0,28.73
2,8.74,0,28.74
2,8.75,0,28.75
2,8.76,0,28.76
2,8.77,0,28.77
2,8.78,0,28.78
2,9.1,219,29.1
2,9.2,219,29.2
2,9.3,219,29.3
2,9.4,227,29.4
2,9.5,231,29.5
2,9.6,229,29.6
2,9.7,230,29.7
2,9.8,247,29.8
2,9.9,247,29.9
2,9.10,247,29.10
2,9.11,248,29.11
2,9.12,248,29.12
2,9.13,234,29.13
2,9.14,242,29.14
2,9.15,231,29.15
2,9.16,235,29.16
2,9.17,236,29.17
2,9.18,236,29.18
2,9.19,232,29.19
2,9.20,232,29.20
2,9.21,233,29.21
2,9.22,240,29.22
2,9.23,226,29.23
2,9.24,226,29.24
2,9.25,0,29.25
2,9.26,0,29.26
2,9.27,225,29.27
2,9.28,242,29.28
2,9.29,228,29.29
2,9.30,229,29.30
2,9.31,0,29.31
2,9.32,240,29.32
2,9.33,0,29.33
2,9.34,227,29.34
2,9.35,222,29.35
2,9.36,243,29.36
2,9.37,220,29.37
2,9.38,0,29.38
2,9.39,248,29.39
2,9.40,235,29.40
2,9.41,0,29.41
2,9.42,0,29.42
2,9.43,0,29.43
2,9.44,0,29.44
2,9.45,0,29.45
2,9.46,0,29.46
2,9.47,0,29.47
2,9.48,0,29.48
2,9.49,0,29.49
2,9.50,0,29.50
2,10.1,252,210.1
2,10.2,252,210.2
2,10.3,252,210.3
2,10.4,252,210.4
2,10.5,252,210.5
2,10.6,252,210.6
2,10.7,253,210.7
2,10.8,253,210.8
2,10.9,254,210.9
2,10.10,254,210.10
2,10.11,253,210.11
2,10.12,287,210.12
2,10.13,295,210.13
2,10.14,298,210.14
2,10.15,298,210.15
2,10.16,297,210.16
2,10.17,0,210.17
2,10.18,0,210.18
2,10.19,0,210.19
2,10.20,288,210.20
2,10.21,0,210.21
2,10.22,289,210.22
2,10.23,0,210.23
2,10.24,287,210.24
2,10.25,300,210.25
2,10.26,289,210.26
2,10.27,294,210.27
2,10.28,300,210.28
2,10.29,296,210.29
2,10.30,294,210.30
2,10.31,290,210.31
2,10.32,296,210.32
2,10.33,299,210.33
2,10.34,0,210.34
2,10.35,295,210.35
2,10.36,290,210.36
2,10.37,292,210.37
2,10.38,254,210.38
2,10.39,287,210.39
2,10.40,257,210.40
2,10.41,257,210.41
2,10.42,285,210.42
2,10.43,257,210.43
2,10.44,258,210.44
2,10.45,259,210.45
2,10.46,269,210.46
2,10.47,0,210.47
2,10.48,278,210.48
2,10.49,0,210.49
2,10.50,0,210.50
2,10.51,278,210.51
2,10.52,278,210.52
2,10.53,258,210.53
2,10.54,280,210.54
2,10.55,253,210.55
2,10.56,0,210.56
2,10.57,0,210.57
2,10.58,0,210.58
2,10.59,278,210.59
2,10.60,269,210.60
2,10.61,279,210.61
2,10.62,263,210.62
2,10.63,270,210.63
2,10.64,270,210.64
2,10.65,284,210.65
2,10.66,274,210.66
2,10.67,0,210.67
2,10.68,274,210.68
2,10.69,264,210.69
2,10.70,265,210.70
2,10.71,265,210.71
2,10.72,0,210.72
2,10.73,276,210.73
2,10.74,0,210.74
2,10.75,0,210.75
2,10.76,0,210.76
2,10.77,262,210.77
2,10.78,264,210.78
2,10.79,0,210.79
2,10.80,0,210.80
2,10.81,266,210.81
2,10.82,275,210.82
2,10.83,265,210.83
2,10.84,0,210.84
2,10.85,0,210.85
2,10.86,0,210.86
2,10.87,0,210.87
2,10.88,0,210.88
2,10.89,278,210.89
2,10.90,277,210.90
2,10.91,0,210.91
2,10.92,277,210.92
2,10.93,0,210.93
2,10.94,0,210.94
2,10.95,282,210.95
2,10.96,282,210.96
2,10.97,283,210.97
2,10.98,278,210.98
2,10.99,282,210.99
2,10.100,0,210.100
2,10.101,284,210.101
2,10.102,0,210.102
2,10.103,266,210.103
2,10.104,266,210.104
2,10.105,259,210.105
2,10.106,259,210.106
2,10.107,292,210.107
2,10.108,267,210.108
2,10.109,260,210.109
2,10.110,260,210.110
2,10.111,259,210.111
2,10.112,279,210.112
2,10.113,271,210.113
2,10.114,271,210.114
2,10.115,281,210.115
2,10.116,278,210.116
2,10.117,263,210.117
2,10.118,262,210.118
2,10.119,262,210.119
2,10.120,262,210.120
2,10.121,295,210.121
2,10.122,0,210.122
2,10.123,0,210.123
2,10.124,294,210.124
2,10.125,271,210.125
2,10.126,272,210.126
2,10.127,273,210.127
2,10.128,280,210.128
2,10.129,0,210.129
2,10.130,258,210.130
2,10.131,0,210.131
2,10.132,285,210.132
2,10.133,298,210.133
2,10.134,298,210.134
2,10.135,297,210.135
2,10.136,0,210.136
2,10.137,292,210.137
2,10.138,293,210.138
2,10.139,277,210.139
2,10.140,0,210.140
2,10.141,0,210.141
2,10.142,0,210.142
2,10.143,0,210.143
2,10.144,0,210.144
2,10.145,0,210.145
2,10.146,0,210.146
2,10.147,0,210.147
2,10.148,0,210.148
2,10.149,0,210.149
2,10.150,0,210.150
2,10.151,0,210.151
2,10.152,0,210.152
2,10.153,0,210.153
2,10.154,0,210.154
2,10.155,0,210.155
2,10.156,0,210.156
2,10.157,0,210.157
2,10.158,0,210.158
2,10.159,0,210.159
2,11.1,316,211.1
2,11.2,318,211.2
2,11.3,0,211.3
2,11.4,319,211.4
2,11.5,303,211.5
2,11.6,305,211.6
2,11.7,306,211.7
2,11.8,306,211.8
2,11.9,308,211.9
2,11.10,306,211.10
2,11.11,308,211.11
2,11.12,307,211.12
2,11.13,310,211.13
2,11.14,316,211.14
2,11.15,320,211.15
2,11.16,310,211.16
2,11.17,307,211.17
2,11.18,0,211.18
2,11.19,319,211.19
2,11.20,322,211.20
2,11.21,307,211.21
2,11.22,307,211.22
2,11.23,306,211.23
2,11.24,313,211.24
2,11.25,309,211.25
2,11.26,309,211.26
2,11.27,309,211.27
2,11.28,0,211.28
2,11.29,313,211.29
2,11.30,308,211.30
2,11.31,0,211.31
2,11.32,312,211.32
2,11.33,323,211.33
2,11.34,323,211.34
2,11.35,310,211.35
2,11.36,311,211.36
2,11.37,323,211.37
2,11.38,324,211.38
2,11.39,324,211.39
2,11.40,324,211.40
2,11.41,0,211.41
2,11.42,313,211.42
2,11.43,305,211.43
2,11.44,325,211.44
2,11.45,0,211.45
2,11.46,324,211.46
2,11.47,321,211.47
2,11.48,312,211.48
2,11.49,309,211.49
2,11.50,312,211.50
2,11.51,312,211.51
2,11.52,312,211.52
2,11.53,322,211.53
2,11.54,317,211.54
2,11.55,328,211.55
2,11.56,327,211.56
2,11.57,326,211.57
2,11.58,314,211.58
2,11.59,0,211.59
2,11.60,315,211.60
2,11.61,313,211.61
2,11.62,314,211.62
2,11.63,316,211.63
2,11.64,316,211.64
2,11.65,317,211.65
2,11.66,318,211.66
2,11.67,0,211.67
2,11.68,0,211.68
2,11.69,0,211.69
2,11.70,303,211.70
2,11.71,311,211.71
2,11.72,330,211.72
2,11.73,330,211.73
2,11.74,330,211.74
2,11.75,326,211.75
2,11.76,306,211.76
2,11.77,329,211.77
2,11.78,0,211.78
2,11.79,0,211.79
2,11.80,303,211.80
2,11.81,303,211.81
2,11.82,0,211.82
2,11.83,0,211.83
2,11.84,0,211.84
2,11.85,0,211.85
2,11.86,0,211.86
2,11.87,0,211.87
2,11.88,0,211.88
2,11.89,0,211.89
2,11.90,0,211.90
2,12.1,334,212.1
2,12.2,332,212.2
2,12.3,354,212.3
2,12.4,354,212.4
2,12.5,345,212.5
2,12.6,343,212.6
2,12.7,343,212.7
2,12.8,343,212.8
2,12.9,0,212.9
2,12.10,346,212.10
2,12.11,0,212.11
2,12.12,335,212.12
2,12.13,334,212.13
2,12.14,335,212.14
2,12.15,340,212.15
2,12.16,334,212.16
2,12.17,341,212.17
2,12.18,340,212.18
2,12.19,340,212.19
2,12.20,341,212.20
2,12.21,341,212.21
2,12.22,341,212.22
2,12.23,341,212.23
2,12.24,0,212.24
2,12.25,338,212.25
2,12.26,335,212.26
2,12.27,340,212.27
2,12.28,340,212.28
2,12.29,340,212.29
2,12.30,340,212.30
2,12.31,339,212.31
2,12.32,338,212.32
2,12.33,336,212.33
2,12.34,337,212.34
2,12.35,335,212.35
2,12.36,344,212.36
2,12.37,340,212.37
2,12.38,337,212.38
2,12.39,337,212.39
2,12.40,344,212.40
2,12.41,0,212.41
2,12.42,342,212.42
2,12.43,340,212.43
2,12.44,340,212.44
2,12.45,334,212.45
2,12.46,0,212.46
2,12.47,336,212.47
2,12.48,336,212.48
2,12.49,348,212.49
2,12.50,350,212.50
2,12.51,350,212.51
2,12.52,350,212.52
2,12.53,351,212.53
2,12.54,348,212.54
2,12.55,349,212.55
2,12.56,350,212.56
2,12.57,344,212.57
2,12.58,348,212.58
2,12.59,349,212.59
2,12.60,347,212.60
2,12.61,353,212.61
2,12.62,353,212.62
2,12.63,354,212.63
2,12.64,352,212.64
3,1.1,8,31.1
3,1.2,9,31.2
3,1.3,12,31.3
3,1.4,0,31.4
3,1.5,0,31.5
3,1.6,13,31.6
3,1.7,13,31.7
3,1.8,14,31.8
3,1.9,14,31.9
3,1.10,10,31.10
3,1.11,42,31.11
3,1.12,16,31.12
3,1.13,18,31.13
3,1.14,17,31.14
3,1.15,19,31.15
3,1.16,26,31.16
3,1.17,27,31.17
3,1.18,8,31.18
3,1.19,21,31.19
3,1.20,17,31.20
3,1.21,21,31.21
3,1.22,21,31.22
3,1.23,22,31.23
3,1.24,25,31.24
3,1.25,23,31.25
3,1.26,23,31.26
3,1.27,24,31.27
3,1.28,0,31.28
3,1.29,24,31.29
3,1.30,24,31.30
3,2.1,28,32.1
3,2.2,35,32.2
3,2.3,34,32.3
3,2.4,43,32.4
3,2.5,44,32.5
3,2.6,44,32.6
3,2.7,45,32.7
3,2.8,30,32.8
3,2.9,32,32.9
3,2.10,37,32.10
3,2.11,38,32.11
3,2.12,37,32.12
3,2.13,38,32.13
3,2.14,41,32.14
3,2.15,40,32.15
3,2.16,41,32.16
3,2.17,39,32.17
3,2.18,40,32.18
3,2.19,45,32.19
3,2.20,47,32.20
3,2.21,47,32.21
3,2.22,48,32.22
3,2.23,50,32.23
3,2.24,52,32.24
3,2.25,50,32.25
3,2.26,51,32.26
3,2.27,51,32.27
3,2.28,53,32.28
3,2.29,59,32.29
3,2.30,49,32.30
3,2.31,50,32.31
3,2.32,0,32.32
3,2.33,0,32.33
3,2.34,58,32.34
3,2.35,59,32.35
3,2.36,55,32.36
3,2.37,56,32.37
3,2.38,52,32.38
3,2.39,52,32.39
3,2.40,47,32.40
3,2.41,47,32.41
3,2.42,46,32.42
3,2.43,55,32.43
3,2.44,56,32.44
3,2.45,61,32.45
3,2.46,32,32.46
3,2.47,0,32.47
3,2.48,61,32.48
3,2.49,40,32.49
3,2.50,38,32.50
3,2.51,39,32.51
3,2.52,33,32.52
3,2.53,57,32.53
3,3.1,77,33.1
3,3.2,77,33.2
3,3.3,77,33.3
3,3.4,78,33.4
3,3.5,79,33.5
3,3.6,103,33.6
3,3.7,82,33.7
3,3.8,83,33.8
3,3.9,83,33.9
3,3.10,84,33.10
3,3.11,84,33.11
3,3.12,85,33.12
3,3.13,86,33.13
3,3.14,85,33.14
3,3.15,79,33.15
3,3.16,80,33.16
3,3.17,76,33.17
3,3.18,77,33.18
3,3.19,86,33.19
3,3.20,82,33.20
3,3.21,81,33.21
3,3.22,69,33.22
3,3.23,68,33.23
3,3.24,91,33.24
3,3.25,97,33.25
3,3.26,89,33.26
3,3.27,89,33.27
3,3.28,91,33.28
3,3.29,94,33.29
3,3.30,90,33.30
3,3.31,90,33.31
3,3.32,94,33.32
3,3.33,92,33.33
3,3.34,93,33.34
3,3.35,95,33.35
3,3.36,96,33.36
3,3.37,68,33.37
3,3.38,91,33.38
3,3.39,72,33.39
3,3.40,73,33.40
3,3.41,73,33.41
3,3.42,99,33.42
3,3.43,99,33.43
3,3.44,100,33.44
3,3.45,100,33.45
3,3.46,101,33.46
3,3.47,99,33.47
3,3.48,104,33.48
3,3.49,101,33.49
3,3.50,107,33.50
3,3.51,107,33.51
3,3.52,107,33.52
3,3.53,107,33.53
3,3.54,108,33.54
3,3.55,114,33.55
3,3.56,101,33.56
3,3.57,111,33.57
3,3.58,104,33.58
3,3.59,110,33.59
3,3.60,110,33.60
3,3.61,113,33.61
3,3.62,105,33.62
3,3.63,114,33.63
3,3.64,116,33.64
3,3.65,111,33.65
3,3.66,102,33.66
3,3.67,114,33.67
3,3.68,115,33.68
3,3.69,109,33.69
3,3.70,115,33.70
3,3.71,108,33.71
3,3.72,0,33.72
3,3.73,0,33.73
3,3.74,0,33.74
3,3.75,0,33.75
3,3.76,0,33.76
3,3.77,0,33.77
3,3.78,0,33.78
3,3.79,0,33.79
3,3.80,0,33.80
3,3.81,0,33.81
3,3.82,0,33.82
3,3.83,0,33.83
3,3.84,0,33.84
3,4.1,121,34.1
3,4.2,121,34.2
3,4.3,122,34.3
3,4.4,123,34.4
3,4.5,123,34.5
3,4.6,123,34.6
3,4.7,124,34.7
3,4.8,126,34.8
3,4.9,126,34.9
3,4.10,125,34.10
3,4.11,125,34.11
3,4.12,127,34.12
3,4.13,128,34.13
3,4.14,128,34.14
3,4.15,129,34.15
3,4.16,129,34.16
3,4.17,131,34.17
3,4.18,131,34.18
3,4.19,139,34.19
3,4.20,0,34.20
3,4.21,137,34.21
3,4.22,138,34.22
3,4.23,134,34.23
3,4.24,134,34.24
3,4.25,134,34.25
3,4.26,136,34.26
3,4.27,136,34.27
3,4.28,135,34.28
3,4.29,136,34.29
3,4.30,137,34.30
3,4.31,127,34.31
3,4.32,132,34.32
3,4.33,133,34.33
3,4.34,132,34.34
3,4.35,133,34.35
3,4.36,132,34.36
3,4.37,138,34.37
3,4.38,0,34.38
3,5.1,145,35.1
3,5.2,145,35.2
3,5.3,146,35.3
3,5.4,146,35.4
3,5.5,162,35.5
3,5.6,150,35.6
3,5.7,150,35.7
3,5.8,150,35.8
3,5.9,143,35.9
3,5.10,155,35.10
3,5.11,0,35.11
3,5.12,146,35.12
3,5.13,147,35.13
3,5.14,155,35.14
3,5.15,156,35.15
3,5.16,158,35.16
3,5.17,159,35.17
3,5.18,160,35.18
3,5.19,160,35.19
3,5.20,159,35.20
3,5.21,152,35.21
3,5.22,163,35.22
3,5.23,153,35.23
3,5.24,153,35.24
3,5.25,154,35.25
3,5.26,142,35.26
3,5.27,143,35.27
3,5.28,166,35.28
3,5.29,166,35.29
3,5.30,167,35.30
3,5.31,168,35.31
3,5.32,164,35.32
3,5.33,169,35.33
3,5.34,169,35.34
3,5.35,155,35.35
3,5.36,169,35.36
3,5.37,170,35.37
3,5.38,151,35.38
3,5.39,163,35.39
3,5.40,144,35.40
3,5.41,144,35.41
3,5.42,0,35.42
3,5.43,0,35.43
3,5.44,0,35.44
3,5.45,0,35.45
3,6.1,174,36.1
3,6.2,174,36.2
3,6.3,175,36.3
3,6.4,175,36.4
3,6.5,175,36.5
3,6.6,175,36.6
3,6.7,176,36.7
3,6.8,176,36.8
3,6.9,177,36.9
3,6.10,178,36.10
3,6.11,178,36.11
3,6.12,180,36.12
3,6.13,181,36.13
3,6.14,183,36.14
3,6.15,181,36.15
3,6.16,183,36.16
3,6.17,182,36.17
3,6.18,184,36.18
3,6.19,185,36.19
3,6.20,185,36.20
3,6.21,180,36.21
3,6.22,186,36.22
3,6.23,189,36.23
3,6.24,191,36.24
3,6.25,199,36.25
3,6.26,192,36.26
3,6.27,192,36.27
3,6.28,193,36.28
3,6.29,194,36.29
3,6.30,197,36.30
3,6.31,197,36.31
3,6.32,198,36.32
3,6.33,196,36.33
3,6.34,198,36.34
3,6.35,197,36.35
3,6.36,197,36.36
3,6.37,196,36.37
3,6.38,194,36.38
3,6.39,178,36.39
3,6.40,179,36.40
3,6.41,187,36.41
3,6.42,187,36.42
3,6.43,0,36.43
3,6.44,191,36.44
3,6.45,191,36.45
3,6.46,195,36.46
3,6.47,196,36.47
3,6.48,195,36.48
3,6.49,0,36.49
3,6.50,0,36.50
3,6.51,0,36.51
3,6.52,0,36.52
3,6.53,0,36.53
3,6.54,0,36.54
3,7.1,201,37.1
3,7.2,202,37.2
3,7.3,204,37.3
3,7.4,206,37.4
3,7.5,207,37.5
3,7.6,207,37.6
3,7.7,202,37.7
3,7.8,203,37.8
3,7.9,202,37.9
3,7.10,207,37.10
3,7.11,208,37.11
3,7.12,208,37.12
3,7.13,215,37.13
3,7.14,218,37.14
3,7.15,218,37.15
3,7.16,209,37.16
3,7.17,210,37.17
3,7.18,215,37.18
3,7.19,216,37.19
3,7.20,218,37.20
3,7.21,218,37.21
3,7.22,219,37.22
3,7.23,247,37.23
3,7.24,220,37.24
3,7.25,0,37.25
3,7.26,0,37.26
3,7.27,204,37.27
3,7.28,221,37.28
3,7.29,235,37.29
3,7.30,222,37.30
3,7.31,223,37.31
3,7.32,223,37.32
3,7.33,248,37.33
3,7.34,224,37.34
3,7.35,229,37.35
3,7.36,228,37.36
3,7.37,0,37.37
3,7.38,232,37.38
3,7.39,231,37.39
3,7.40,232,37.40
3,7.41,231,37.41
3,7.42,233,37.42
3,7.43,228,37.43
3,7.44,237,37.44
3,7.45,229,37.45
3,7.46,230,37.46
3,7.47,213,37.47
3,7.48,214,37.48
3,7.49,211,37.49
3,7.50,210,37.50
3,7.51,212,37.51
3,7.52,248,37.52
3,7.53,229,37.53
3,7.54,228,37.54
3,7.55,234,37.55
3,7.56,236,37.56
3,7.57,236,37.57
3,7.58,237,37.58
3,7.59,238,37.59
3,7.60,238,37.60
3,7.61,240,37.61
3,7.62,241,37.62
3,7.63,243,37.63
3,7.64,243,37.64
3,7.65,211,37.65
3,7.66,213,37.66
3,7.67,225,37.67
3,7.68,225,37.68
3,7.69,225,37.69
3,7.70,242,37.70
3,7.71,226,37.71
3,7.72,226,37.72
3,7.73,226,37.73
3,7.74,246,37.74
3,7.75,235,37.75
3,7.76,214,37.76
3,7.77,239,37.77
3,7.78,243,37.78
3,7.79,244,37.79
3,7.80,220,37.80
3,7.81,221,37.81
3,7.82,239,37.82
3,7.83,0,37.83
3,7.84,236,37.84
3,7.85,246,37.85
3,7.86,205,37.86
3,7.87,204,37.87
3,7.88,0,37.88
3,7.89,0,37.89
3,7.90,0,37.90
3,7.91,0,37.91
3,7.92,0,37.92
3,7.93,0,37.93
3,7.94,0,37.94
3,7.95,0,37.95
3,7.96,0,37.96
3,7.97,0,37.97
3,8.1,249,38.1
3,8.2,250,38.2
3,8.3,251,38.3
3,8.4,252,38.4
3,8.5,254,38.5
3,8.6,254,38.6
3,8.7,255,38.7
3,8.8,256,38.8
3,8.9,254,38.9
3,8.10,253,38.10
3,8.11,0,38.11
3,8.12,257,38.12
3,8.13,258,38.13
3,8.14,259,38.14
3,8.15,260,38.15
3,8.16,260,38.16
3,8.17,261,38.17
3,8.18,262,38.18
3,8.19,264,38.19
3,8.20,264,38.20
3,8.21,267,38.21
3,8.22,267,38.22
3,8.23,263,38.23
3,8.24,268,38.24
3,8.25,270,38.25
3,8.26,272,38.26
3,8.27,272,38.27
3,8.28,274,38.28
3,8.29,275,38.29
3,8.30,276,38.30
3,8.31,276,38.31
3,8.32,277,38.32
3,8.33,278,38.33
3,8.34,279,38.34
3,8.35,280,38.35
3,8.36,283,38.36
3,8.37,284,38.37
3,8.38,287,38.38
3,8.39,0,38.39
3,8.40,286,38.40
3,8.41,282,38.41
3,8.42,282,38.42
3,8.43,308,38.43
3,8.44,309,38.44
3,8.45,310,38.45
3,8.46,288,38.46
3,8.47,289,38.47
3,8.48,0,38.48
3,8.49,251,38.49
3,8.50,252,38.50
3,8.51,291,38.51
3,8.52,272,38.52
3,8.53,293,38.53
3,8.54,292,38.54
3,8.55,273,38.55
3,8.56,294,38.56
3,8.57,293,38.57
3,8.58,294,38.58
3,8.59,295,38.59
3,8.60,296,38.60
3,8.61,308,38.61
3,8.62,290,38.62
3,8.63,295,38.63
3,8.64,297,38.64
3,8.65,300,38.65
3,8.66,300,38.66
3,8.67,299,38.67
3,8.68,297,38.68
3,8.69,298,38.69
3,8.70,299,38.70
3,8.71,301,38.71
3,8.72,307,38.72
3,8.73,306,38.73
3,8.74,307,38.74
3,8.75,307,38.75
3,8.76,310,38.76
3,8.77,303,38.77
3,8.78,305,38.78
3,8.79,304,38.79
3,8.80,281,38.80
3,8.81,270,38.81
3,8.82,271,38.82
3,8.83,311,38.83
3,8.84,302,38.84
3,8.85,313,38.85
3,8.86,258,38.86
3,8.87,259,38.87
3,8.88,0,38.88
3,8.89,0,38.89
3,8.90,0,38.90
3,8.91,0,38.91
3,8.92,0,38.92
3,8.93,0,38.93
3,8.94,0,38.94
3,8.95,0,38.95
3,8.96,0,38.96
3,8.97,0,38.97
3,8.98,0,38.98
3,8.99,0,38.99
3,8.100,0,38.100
3,8.101,0,38.101
3,8.102,0,38.102
3,8.103,0,38.103
3,9.1,347,39.1
3,9.2,327,39.2
3,9.3,347,39.3
3,9.4,348,39.4
3,9.5,349,39.5
3,9.6,341,39.6
3,9.7,342,39.7
3,9.8,351,39.8
3,9.9,352,39.9
3,9.10,350,39.10
3,9.11,342,39.11
3,9.12,479,39.12
3,9.13,343,39.13
3,9.14,344,39.14
3,9.15,356,39.15
3,9.16,355,39.16
3,9.17,352,39.17
3,9.18,328,39.18
3,9.19,328,39.19
3,9.20,329,39.20
3,9.21,329,39.21
3,9.22,330,39.22
3,9.23,332,39.23
3,9.24,333,39.24
3,9.25,331,39.25
3,9.26,334,39.26
3,9.27,332,39.27
3,9.28,338,39.28
3,9.29,323,39.29
3,9.30,340,39.30
3,9.31,317,39.31
3,9.32,317,39.32
3,9.33,326,39.33
3,9.34,345,39.34
3,9.35,324,39.35
3,9.36,322,39.36
3,9.37,326,39.37
3,9.38,325,39.38
3,9.39,356,39.39
3,9.40,353,39.40
3,9.41,358,39.41
3,9.42,335,39.42
3,9.43,336,39.43
3,9.44,338,39.44
3,9.45,359,39.45
3,9.46,359,39.46
3,9.47,360,39.47
3,9.48,360,39.48
3,9.49,361,39.49
3,9.50,318,39.50
3,9.51,319,39.51
3,9.52,320,39.52
3,9.53,346,39.53
3,9.54,340,39.54
3,9.55,0,39.55
3,9.56,354,39.56
3,9.57,326,39.57
3,9.58,337,39.58
3,9.59,337,39.59
3,9.60,0,39.60
3,9.61,0,39.61
3,9.62,0,39.62
3,9.63,0,39.63
3,9.64,0,39.64
3,9.65,0,39.65
3,10.1,369,310.1
3,10.2,373,310.2
3,10.3,372,310.3
3,10.4,370,310.4
3,10.5,374,310.5
3,10.6,378,310.6
3,10.7,374,310.7
3,10.8,375,310.8
3,10.9,375,310.9
3,10.10,376,310.10
3,10.11,377,310.11
3,10.12,394,310.12
3,10.13,377,310.13
3,10.14,392,310.14
3,10.15,387,310.15
3,10.16,387,310.16
3,10.17,370,310.17
3,10.18,392,310.18
3,10.19,393,310.19
3,10.20,388,310.20
3,10.21,388,310.21
3,10.22,391,310.22
3,10.23,390,310.23
3,10.24,393,310.24
3,10.25,394,310.25
3,10.26,395,310.26
3,10.27,396,310.27
3,10.28,397,310.28
3,10.29,398,310.29
3,10.30,399,310.30
3,10.31,400,310.31
3,10.32,400,310.32
3,10.33,401,310.33
3,10.34,401,310.34
3,10.35,405,310.35
3,10.36,405,310.36
3,10.37,403,310.37
3,10.38,404,310.38
3,10.39,406,310.39
3,10.40,406,310.40
3,10.41,408,310.41
3,10.42,409,310.42
3,10.43,407,310.43
3,10.44,409,310.44
3,10.45,411,310.45
3,10.46,411,310.46
3,10.47,410,310.47
3,10.48,412,310.48
3,10.49,413,310.49
3,10.50,413,310.50
3,10.51,414,310.51
3,10.52,0,310.52
3,10.53,415,310.53
3,10.54,379,310.54
3,10.55,380,310.55
3,10.56,380,310.56
3,10.57,381,310.57
3,10.58,382,310.58
3,10.59,383,310.59
3,10.60,383,310.60
3,10.61,384,310.61
3,10.62,385,310.62
3,10.63,386,310.63
3,10.64,0,310.64
3,10.65,389,310.65
3,10.66,0,310.66
3,10.67,386,310.67
3,10.68,416,310.68
3,10.69,0,310.69
3,10.70,416,310.70
3,10.71,0,310.71
3,10.72,417,310.72
3,10.73,0,310.73
3,10.74,0,310.74
3,10.75,421,310.75
3,10.76,0,310.76
3,10.77,418,310.77
3,10.78,419,310.78
3,10.79,419,310.79
3,10.80,420,310.80
3,10.81,422,310.81
3,10.82,0,310.82
3,10.83,0,310.83
3,10.84,0,310.84
3,10.85,0,310.85
3,10.86,0,310.86
3,10.87,0,310.87
3,10.88,0,310.88
3,10.89,0,310.89
3,10.90,0,310.90
3,10.91,0,310.91
3,10.92,0,310.92
3,10.93,0,310.93
3,11.1,426,311.1
3,11.2,428,311.2
3,11.3,429,311.3
3,11.4,431,311.4
3,11.5,432,311.5
3,11.6,0,311.6
3,11.7,432,311.7
3,11.8,433,311.8
3,11.9,434,311.9
3,11.10,434,311.10
3,11.11,435,311.11
3,11.12,436,311.12
3,11.13,437,311.13
3,11.14,438,311.14
3,11.15,439,311.15
3,11.16,440,311.16
3,11.17,440,311.17
3,11.18,441,311.18
3,11.19,442,311.19
3,11.20,444,311.20
3,11.21,445,311.21
3,11.22,0,311.22
3,11.23,446,311.23
3,11.24,447,311.24
3,11.25,448,311.25
3,11.26,449,311.26
3,11.27,449,311.27
3,11.28,450,311.28
3,11.29,0,311.29
3,11.30,0,311.30
3,11.31,450,311.31
3,11.32,451,311.32
3,11.33,452,311.33
3,11.34,454,311.34
3,11.35,456,311.35
3,11.36,457,311.36
3,11.37,458,311.37
3,11.38,459,311.38
3,11.39,460,311.39
3,11.40,460,311.40
3,11.41,461,311.41
3,11.42,461,311.42
3,11.43,462,311.43
3,11.44,463,311.44
3,11.45,464,311.45
3,11.46,0,311.46
3,11.47,0,311.47
3,11.48,0,311.48
3,11.49,0,311.49
3,11.50,0,311.50
3,11.51,0,311.51
3,11.52,0,311.52
3,11.53,0,311.53
3,11.54,0,311.54
3,11.55,0,311.55
3,11.56,0,311.56
3,11.57,0,311.57
3,12.1,160,312.1
3,12.2,471,312.2
3,12.3,473,312.3
3,12.4,486,312.4
3,12.5,486,312.5
3,12.6,473,312.6
3,12.7,473,312.7
3,12.8,487,312.8
3,12.9,487,312.9
3,12.10,490,312.10
3,12.11,496,312.11
3,12.12,496,312.12
3,12.13,500,312.13
3,12.14,466,312.14
3,12.15,467,312.15
3,12.16,476,312.16
3,12.17,0,312.17
3,12.18,516,312.18
3,12.19,470,312.19
3,12.20,474,312.20
3,12.21,469,312.21
3,12.22,476,312.22
3,12.23,477,312.23
3,12.24,470,312.24
3,12.25,482,312.25
3,12.26,482,312.26
3,12.27,484,312.27
3,12.28,484,312.28
3,12.29,497,312.29
3,12.30,499,312.30
3,12.31,498,312.31
3,12.32,487,312.32
3,12.33,491,312.33
3,12.34,499,312.34
3,12.35,497,312.35
3,12.36,490,312.36
3,12.37,489,312.37
3,12.38,492,312.38
3,12.39,482,312.39
3,12.40,483,312.40
3,12.41,493,312.41
3,12.42,522,312.42
3,12.43,495,312.43
3,12.44,513,312.44
3,12.45,506,312.45
3,12.46,507,312.46
3,12.47,511,312.47
3,12.48,512,312.48
3,12.49,512,312.49
3,12.50,505,312.50
3,12.51,0,312.51
3,12.52,510,312.52
3,12.53,528,312.53
3,12.54,524,312.54
3,12.55,525,312.55
3,12.56,523,312.56
3,12.57,526,312.57
3,12.58,526,312.58
3,12.59,527,312.59
3,12.60,528,312.60
3,12.61,527,312.61
3,12.62,527,312.62
3,12.63,467,312.63
3,12.64,468,312.64
3,12.65,494,312.65
3,12.66,474,312.66
3,12.67,521,312.67
3,12.68,510,312.68
3,12.69,508,312.69
3,12.70,509,312.70
3,12.71,483,312.71
3,12.72,477,312.72
3,12.73,478,312.73
3,12.74,521,312.74
3,12.75,521,312.75
3,12.76,529,312.76
3,12.77,0,312.77
3,12.78,0,312.78
3,12.79,0,312.79
3,12.80,0,312.80
3,12.81,0,312.81
3,12.82,0,312.82
3,12.83,0,312.83
3,12.84,0,312.84
3,12.85,0,312.85
3,12.86,0,312.86
3,12.87,0,312.87
3,12.88,0,312.88
3,12.89,0,312.89
3,12.90,0,312.90
3,12.91,0,312.91
3,12.92,0,312.92
3,12.93,0,312.93
3,12.94,0,312.94
3,12.95,0,312.95
3,12.96,0,312.96
3,12.97,0,312.97
3,12.98,0,312.98
3,12.99,0,312.99
3,12.100,0,312.100
3,12.101,0,312.101
3,12.102,0,312.102
3,12.103,0,312.103
3,12.104,0,312.104
4,1.1,15,41.1
4,1.2,7,41.2
4,1.3,7,41.3
4,1.4,19,41.4
4,1.5,19,41.5
4,1.6,19,41.6
4,1.7,8,41.7
4,1.8,9,41.8
4,1.9,10,41.9
4,1.10,0,41.10
4,1.11,10,41.11
4,1.12,9,41.12
4,1.13,12,41.13
4,1.14,10,41.14
4,1.15,11,41.15
4,1.16,11,41.16
4,1.17,12,41.17
4,1.18,9,41.18
4,1.19,16,41.19
4,1.20,15,41.20
4,1.21,15,41.21
4,1.22,20,41.22
4,1.23,20,41.23
4,1.24,21,41.24
4,1.25,0,41.25
4,1.26,21,41.26
4,1.27,27,41.27
4,1.28,28,41.28
4,1.29,29,41.29
4,1.30,30,41.30
4,1.31,0,41.31
4,1.32,27,41.32
4,1.33,27,41.33
4,1.34,0,41.34
4,1.35,30,41.35
4,1.36,31,41.36
4,1.37,31,41.37
4,1.38,31,41.38
4,1.39,31,41.39
4,1.40,32,41.40
4,1.41,32,41.41
4,1.42,34,41.42
4,1.43,35,41.43
4,1.44,36,41.44
4,1.45,37,41.45
4,1.46,37,41.46
4,1.47,39,41.47
4,1.48,39,41.48
4,1.49,39,41.49
4,1.50,40,41.50
4,1.51,40,41.51
4,1.52,40,41.52
4,1.53,0,41.53
4,1.54,41,41.54
4,1.55,0,41.55
4,1.56,41,41.56
4,1.57,42,41.57
4,1.58,0,41.58
4,1.59,43,41.59
4,1.60,0,41.60
4,2.1,50,42.1
4,2.2,51,42.2
4,2.3,51,42.3
4,2.4,52,42.4
4,2.5,49,42.5
4,2.6,53,42.6
4,2.7,53,42.7
4,2.8,54,42.8
4,2.9,54,42.9
4,2.10,54,42.10
4,2.11,55,42.11
4,2.12,55,42.12
4,2.13,55,42.13
4,2.14,55,42.14
4,2.15,55,42.15
4,2.16,57,42.16
4,2.17,57,42.17
4,2.18,57,42.18
4,2.19,57,42.19
4,2.20,58,42.20
4,2.21,54,42.21
4,2.22,58,42.22
4,2.23,59,42.23
4,2.24,61,42.24
4,2.25,60,42.25
4,2.26,60,42.26
4,2.27,60,42.27
4,2.28,60,42.28
4,2.29,0,42.29
4,2.30,0,42.30
4,2.31,61,42.31
4,2.32,62,42.32
4,2.33,65,42.33
4,2.34,65,42.34
4,2.35,62,42.35
4,2.36,66,42.36
4,2.37,63,42.37
4,2.38,63,42.38
4,2.39,64,42.39
4,2.40,0,42.40
4,2.41,67,42.41
4,2.42,67,42.42
4,2.43,68,42.43
4,2.44,0,42.44
4,2.45,0,42.45
4,3.1,71,43.1
4,3.2,71,43.2
4,3.3,72,43.3
4,3.4,72,43.4
4,3.5,72,43.5
4,3.6,74,43.6
4,3.7,74,43.7
4,3.8,103,43.8
4,3.9,73,43.9
4,3.10,75,43.10
4,3.11,76,43.11
4,3.12,78,43.12
4,3.13,78,43.13
4,3.14,77,43.14
4,3.15,77,43.15
4,3.16,78,43.16
4,3.17,78,43.17
4,3.18,83,43.18
4,3.19,105,43.19
4,3.20,83,43.20
4,3.21,0,43.21
4,3.22,85,43.22
4,3.23,81,43.23
4,3.24,80,43.24
4,3.25,80,43.25
4,3.26,81,43.26
4,3.27,81,43.27
4,3.28,81,43.28
4,3.29,82,43.29
4,3.30,82,43.30
4,3.31,82,43.31
4,3.32,82,43.32
4,3.33,82,43.33
4,3.34,80,43.34
4,3.35,84,43.35
4,3.36,0,43.36
4,3.37,0,43.37
4,3.38,0,43.38
4,3.39,0,43.39
4,3.40,0,43.40
4,3.41,0,43.41
4,4.1,88,44.1
4,4.2,88,44.2
4,4.3,89,44.3
4,4.4,89,44.4
4,4.5,90,44.5
4,4.6,90,44.6
4,4.7,90,44.7
4,4.8,91,44.8
4,4.9,92,44.9
4,4.10,93,44.10
4,4.11,93,44.11
4,4.12,94,44.12
4,4.13,94,44.13
4,4.14,94,44.14
4,4.15,0,44.15
4,4.16,110,44.16
4,4.17,95,44.17
4,4.18,95,44.18
4,4.19,97,44.19
4,4.20,98,44.20
4,4.21,99,44.21
4,4.22,0,44.22
4,4.23,0,44.23
4,4.24,0,44.24
4,4.25,0,44.25
4,4.26,0,44.26
4,5.1,102,45.1
4,5.2,103,45.2
4,5.3,103,45.3
4,5.4,0,45.4
4,5.5,103,45.5
4,5.6,104,45.6
4,5.7,113,45.7
4,5.8,106,45.8
4,5.9,106,45.9
4,5.10,107,45.10
4,5.11,0,45.11
4,5.12,108,45.12
4,5.13,109,45.13
4,5.14,110,45.14
4,5.15,110,45.15
4,5.16,115,45.16
4,5.17,116,45.17
4,5.18,111,45.18
4,5.19,112,45.19
4,5.20,113,45.20
4,5.21,114,45.21
4,5.22,116,45.22
4,5.23,151,45.23
4,5.24,117,45.24
4,5.25,0,45.25
4,5.26,0,45.26
4,5.27,0,45.27
4,5.28,0,45.28
4,5.29,0,45.29
4,5.30,0,45.30
4,5.31,0,45.31
4,5.32,0,45.32
4,6.1,126,46.1
4,6.2,128,46.2
4,6.3,128,46.3
4,6.4,131,46.4
4,6.5,131,46.5
4,6.6,126,46.6
4,6.7,120,46.7
4,6.8,127,46.8
4,6.9,132,46.9
4,6.10,133,46.10
4,6.11,120,46.11
4,6.12,123,46.12
4,6.13,133,46.13
4,6.14,132,46.14
4,6.15,126,46.15
4,6.16,128,46.16
4,6.17,130,46.17
4,6.18,0,46.18
4,6.19,130,46.19
4,6.20,124,46.20
4,6.21,120,46.21
4,6.22,121,46.22
4,6.23,122,46.23
4,6.24,122,46.24
4,6.25,129,46.25
4,6.26,123,46.26
4,6.27,123,46.27
4,6.28,124,46.28
4,6.29,125,46.29
4,6.30,136,46.30
4,6.31,137,46.31
4,6.32,134,46.32
4,6.33,135,46.33
4,6.34,137,46.34
4,6.35,141,46.35
4,6.36,141,46.36
4,6.37,141,46.37
4,6.38,141,46.38
4,6.39,144,46.39
4,6.40,141,46.40
4,6.41,141,46.41
4,6.42,142,46.42
4,6.43,136,46.43
4,6.44,141,46.44
4,6.45,144,46.45
4,6.46,0,46.46
4,6.47,0,46.47
4,6.48,145,46.48
4,6.49,125,46.49
4,6.50,137,46.50
4,6.51,139,46.51
4,6.52,135,46.52
4,6.53,0,46.53
4,6.54,129,46.54
4,6.55,143,46.55
4,6.56,0,46.56
4,6.57,0,46.57
4,6.58,0,46.58
4,6.59,0,46.59
4,6.60,0,46.60
4,6.61,0,46.61
4,6.62,0,46.62
4,6.63,0,46.63
4,6.64,0,46.64
4,7.1,169,47.1
4,7.2,85,47.2
4,7.3,155,47.3
4,7.4,175,47.4
4,7.5,156,47.5
4,7.6,162,47.6
4,7.7,162,47.7
4,7.8,169,47.8
4,7.9,154,47.9
4,7.10,155,47.10
4,7.11,148,47.11
4,7.12,175,47.12
4,7.13,163,47.13
4,7.14,182,47.14
4,7.15,149,47.15
4,7.16,156,47.16
4,7.17,157,47.17
4,7.18,162,47.18
4,7.19,151,47.19
4,7.20,151,47.20
4,7.21,150,47.21
4,7.22,150,47.22
4,7.23,154,47.23
4,7.24,170,47.24
4,7.25,170,47.25
4,7.26,148,47.26
4,7.27,0,47.27
4,7.28,149,47.28
4,7.29,186,47.29
4,7.30,156,47.30
4,7.31,153,47.31
4,7.32,153,47.32
4,7.33,0,47.33
4,7.34,173,47.34
4,7.35,173,47.35
4,7.36,155,47.36
4,7.37,0,47.37
4,7.38,155,47.38
4,7.39,160,47.39
4,7.40,160,47.40
4,7.41,161,47.41
4,7.42,160,47.42
4,7.43,161,47.43
4,7.44,160,47.44
4,7.45,156,47.45
4,7.46,161,47.46
4,7.47,161,47.47
4,7.48,163,47.48
4,7.49,163,47.49
4,7.50,157,47.50
4,7.51,164,47.51
4,7.52,164,47.52
4,7.53,165,47.53
4,7.54,165,47.54
4,7.55,166,47.55
4,7.56,167,47.56
4,7.57,0,47.57
4,7.58,0,47.58
4,7.59,166,47.59
4,7.60,168,47.60
4,7.61,0,47.61
4,7.62,167,47.62
4,7.63,167,47.63
4,7.64,168,47.64
4,7.65,152,47.65
4,7.66,158,47.66
4,7.67,158,47.67
4,7.68,152,47.68
4,7.69,206,47.69
4,7.70,157,47.70
4,7.71,0,47.71
4,7.72,0,47.72
4,7.73,0,47.73
4,7.74,0,47.74
4,7.75,0,47.75
4,7.76,0,47.76
4,7.77,0,47.77
4,7.78,0,47.78
4,7.79,0,47.79
4,7.80,0,47.80
4,7.81,0,47.81
4,7.82,0,47.82
4,7.83,0,47.83
4,8.1,190,48.1
4,8.2,200,48.2
4,8.3,202,48.3
4,8.4,177,48.4
4,8.5,181,48.5
4,8.6,181,48.6
4,8.7,182,48.7
4,8.8,178,48.8
4,8.9,182,48.9
4,8.10,183,48.10
4,8.11,178,48.11
4,8.12,178,48.12
4,8.13,178,48.13
4,8.14,178,48.14
4,8.15,179,48.15
4,8.16,184,48.16
4,8.17,179,48.17
4,8.18,186,48.18
4,8.19,185,48.19
4,8.20,179,48.20
4,8.21,179,48.21
4,8.22,182,48.22
4,8.23,188,48.23
4,8.24,189,48.24
4,8.25,191,48.25
4,8.26,183,48.26
4,8.27,187,48.27
4,8.28,187,48.28
4,8.29,187,48.29
4,8.30,178,48.30
4,8.31,177,48.31
4,8.32,190,48.32
4,8.33,190,48.33
4,8.34,191,48.34
4,8.35,191,48.35
4,8.36,178,48.36
4,8.37,192,48.37
4,8.38,193,48.38
4,8.39,192,48.39
4,8.40,192,48.40
4,8.41,189,48.41
4,8.42,223,48.42
4,8.43,193,48.43
4,8.44,187,48.44
4,8.45,199,48.45
4,8.46,199,48.46
4,8.47,199,48.47
4,8.48,188,48.48
4,8.49,196,48.49
4,8.50,196,48.50
4,8.51,185,48.51
4,8.52,199,48.52
4,8.53,200,48.53
4,8.54,223,48.54
4,8.55,193,48.55
4,8.56,218,48.56
4,8.57,203,48.57
4,8.58,203,48.58
4,8.59,194,48.59
4,8.60,195,48.60
4,8.61,189,48.61
4,8.62,179,48.62
4,8.63,196,48.63
4,8.64,197,48.64
4,8.65,191,48.65
4,8.66,204,48.66
4,8.67,204,48.67
4,8.68,0,48.68
4,8.69,222,48.69
4,8.70,222,48.70
4,8.71,223,48.71
4,8.72,223,48.72
4,8.73,219,48.73
4,8.74,207,48.74
4,8.75,207,48.75
4,8.76,207,48.76
4,8.77,208,48.77
4,8.78,210,48.78
4,8.79,213,48.79
4,8.80,213,48.80
4,8.81,211,48.81
4,8.82,219,48.82
4,8.83,214,48.83
4,8.84,214,48.84
4,8.85,215,48.85
4,8.86,215,48.86
4,8.87,216,48.87
4,8.88,216,48.88
4,8.89,211,48.89
4,8.90,211,48.90
4,8.91,212,48.91
4,8.92,219,48.92
4,8.93,212,48.93
4,8.94,216,48.94
4,8.95,217,48.95
4,8.96,220,48.96
4,8.97,220,48.97
4,8.98,212,48.98
4,8.99,217,48.99
4,8.100,0,48.100
4,8.101,204,48.101
4,8.102,205,48.102
4,8.103,0,48.103
4,8.104,206,48.104
4,8.105,194,48.105
4,8.106,0,48.106
4,8.107,215,48.107
4,8.108,197,48.108
4,8.109,198,48.109
4,8.110,0,48.110
4,8.111,0,48.111
4,8.112,0,48.112
4,8.113,0,48.113
4,8.114,0,48.114
4,8.115,0,48.115
4,8.116,0,48.116
4,8.117,0,48.117
4,8.118,0,48.118
4,8.119,0,48.119
4,8.120,0,48.120
4,8.121,0,48.121
4,8.122,0,48.122
4,8.123,0,48.123
4,8.124,0,48.124
4,8.125,0,48.125
4,8.126,0,48.126
4,8.127,0,48.127
4,8.128,0,48.128
4,8.129,0,48.129
4,8.130,0,48.130
4,8.131,0,48.131
4,8.132,0,48.132
4,8.133,0,48.133
4,8.134,0,48.134
4,8.135,0,48.135
4,8.136,0,48.136
4,8.137,0,48.137
4,8.138,0,48.138
4,9.1,226,49.1
4,9.2,227,49.2
4,9.3,228,49.3
4,9.4,229,49.4
4,9.5,240,49.5
4,9.6,240,49.6
4,9.7,241,49.7
4,9.8,241,49.8
4,9.9,241,49.9
4,9.10,242,49.10
4,9.11,229,49.11
4,9.12,230,49.12
4,9.13,231,49.13
4,9.14,232,49.14
4,9.15,243,49.15
4,9.16,243,49.16
4,9.17,244,49.17
4,9.18,332,49.18
4,9.19,333,49.19
4,9.20,234,49.20
4,9.21,332,49.21
4,9.22,247,49.22
4,9.23,235,49.23
4,9.24,235,49.24
4,9.25,236,49.25
4,9.26,227,49.26
4,9.27,245,49.27
4,9.28,246,49.28
4,9.29,237,49.29
4,9.30,238,49.30
4,9.31,233,49.31
4,9.32,252,49.32
4,9.33,249,49.33
4,9.34,253,49.34
4,9.35,253,49.35
4,9.36,254,49.36
4,9.37,253,49.37
4,9.38,251,49.38
4,9.39,256,49.39
4,9.40,254,49.40
4,9.41,257,49.41
4,9.42,236,49.42
4,9.43,246,49.43
4,9.44,239,49.44
4,9.45,239,49.45
4,9.46,251,49.46
4,9.47,251,49.47
4,9.48,252,49.48
4,9.49,252,49.49
4,9.50,252,49.50
4,9.51,252,49.51
4,9.52,255,49.52
4,9.53,255,49.53
4,9.54,0,49.54
4,9.55,0,49.55
4,9.56,0,49.56
4,9.57,0,49.57
4,9.58,0,49.58
4,9.59,0,49.59
4,9.60,0,49.60
4,9.61,0,49.61
4,9.62,0,49.62
4,9.63,0,49.63
4,9.64,0,49.64
4,9.65,0,49.65
4,9.66,0,49.66
4,9.67,0,49.67
4,9.68,0,49.68
4,9.69,0,49.69
4,9.70,0,49.70
4,9.71,0,49.71
4,9.72,0,49.72
4,9.73,0,49.73
4,9.74,0,49.74
4,9.75,0,49.75
4,9.76,0,49.76
4,9.77,0,49.77
4,9.78,0,49.78
4,9.79,0,49.79
4,9.80,0,49.80
4,10.1,259,410.1
4,10.2,260,410.2
4,10.3,260,410.3
4,10.4,261,410.4
4,10.5,261,410.5
4,10.6,262,410.6
4,10.7,262,410.7
4,10.8,262,410.8
4,10.9,262,410.9
4,10.10,264,410.10
4,10.11,264,410.11
4,10.12,264,410.12
4,10.13,265,410.13
4,10.14,265,410.14
4,10.15,267,410.15
4,10.16,267,410.16
4,10.17,267,410.17
4,10.18,265,410.18
4,10.19,265,410.19
4,10.20,268,410.20
4,10.21,268,410.21
4,10.22,269,410.22
4,10.23,269,410.23
4,10.24,269,410.24
4,10.25,269,410.25
4,10.26,270,410.26
4,10.27,271,410.27
4,10.28,272,410.28
4,10.29,272,410.29
4,10.30,273,410.30
4,10.31,273,410.31
4,10.32,276,410.32
4,10.33,274,410.33
4,10.34,274,410.34
4,10.35,275,410.35
4,10.36,275,410.36
4,10.37,276,410.37
4,10.38,339,410.38
4,10.39,277,410.39
4,10.40,277,410.40
4,10.41,277,410.41
4,10.42,278,410.42
4,10.43,266,410.43
4,10.44,265,410.44
4,10.45,280,410.45
4,10.46,281,410.46
4,10.47,280,410.47
4,10.48,280,410.48
4,10.49,0,410.49
4,10.50,281,410.50
4,10.51,282,410.51
4,10.52,283,410.52
4,10.53,283,410.53
4,10.54,283,410.54
4,10.55,282,410.55
4,10.56,266,410.56
4,10.57,262,410.57
4,10.58,270,410.58
4,10.59,266,410.59
4,10.60,0,410.60
4,10.61,0,410.61
4,10.62,0,410.62
4,10.63,0,410.63
4,10.64,0,410.64
4,10.65,0,410.65
4,10.66,0,410.66
4,10.67,0,410.67
4,10.68,0,410.68
4,10.69,0,410.69
4,10.70,0,410.70
4,10.71,0,410.71
4,10.72,0,410.72
4,10.73,0,410.73
4,10.74,0,410.74
4,10.75,0,410.75
4,10.76,0,410.76
4,10.77,0,410.77
4,10.78,0,410.78
4,11.1,294,411.1
4,11.2,294,411.2
4,11.3,290,411.3
4,11.4,0,411.4
4,11.5,292,411.5
4,11.6,293,411.6
4,11.7,286,411.7
4,11.8,293,411.8
4,11.9,294,411.9
4,11.10,295,411.10
4,11.11,295,411.11
4,11.12,295,411.12
4,11.13,297,411.13
4,11.14,297,411.14
4,11.15,0,411.15
4,11.16,297,411.16
4,11.17,297,411.17
4,11.18,298,411.18
4,11.19,298,411.19
4,11.20,300,411.20
4,11.21,304,411.21
4,11.22,307,411.22
4,11.23,305,411.23
4,11.24,305,411.24
4,11.25,308,411.25
4,11.26,310,411.26
4,11.27,309,411.27
4,11.28,310,411.28
4,11.29,316,411.29
4,11.30,309,411.30
4,11.31,310,411.31
4,11.32,311,411.32
4,11.33,314,411.33
4,11.34,315,411.34
4,11.35,315,411.35
4,11.36,315,411.36
4,11.37,314,411.37
4,11.38,316,411.38
4,11.39,311,411.39
4,11.40,312,411.40
4,11.41,317,411.41
4,11.42,317,411.42
4,11.43,318,411.43
4,11.44,318,411.44
4,11.45,319,411.45
4,11.46,0,411.46
4,11.47,319,411.47
4,11.48,319,411.48
4,11.49,320,411.49
4,11.50,325,411.50
4,11.51,291,411.51
4,11.52,320,411.52
4,11.53,320,411.53
4,11.54,321,411.54
4,11.55,321,411.55
4,11.56,322,411.56
4,11.57,323,411.57
4,11.58,325,411.58
4,11.59,328,411.59
4,11.60,325,411.60
4,11.61,326,411.61
4,11.62,326,411.62
4,11.63,327,411.63
4,11.64,327,411.64
4,11.65,330,411.65
4,11.66,329,411.66
4,11.67,299,411.67
4,11.68,330,411.68
4,11.69,299,411.69
4,11.70,0,411.70
4,11.71,304,411.71
4,11.72,331,411.72
4,11.73,300,411.73
4,11.74,290,411.74
4,11.75,301,411.75
4,11.76,301,411.76
4,11.77,302,411.77
4,11.78,0,411.78
4,11.79,327,411.79
4,11.80,328,411.80
4,11.81,303,411.81
4,11.82,303,411.82
4,11.83,334,411.83
4,11.84,334,411.84
4,11.85,0,411.85
4,11.86,0,411.86
4,11.87,337,411.87
4,11.88,336,411.88
4,11.89,335,411.89
4,11.90,336,411.90
4,11.91,335,411.91
4,11.92,312,411.92
4,11.93,313,411.93
4,11.94,296,411.94
4,11.95,296,411.95
4,11.96,337,411.96
4,11.97,338,411.97
4,11.98,328,411.98
4,11.99,328,411.99
4,11.100,328,411.100
4,11.101,0,411.101
4,11.102,0,411.102
4,11.103,0,411.103
4,11.104,0,411.104
4,11.105,0,411.105
4,11.106,0,411.106
4,11.107,0,411.107
4,11.108,0,411.108
4,11.109,0,411.109
4,11.110,0,411.110
4,11.111,0,411.111
4,11.112,0,411.112
4,11.113,0,411.113
4,11.114,0,411.114
4,11.115,0,411.115
4,11.116,0,411.116
4,11.117,0,411.117
4,11.118,0,411.118
4,11.119,0,411.119
4,11.120,0,411.120
4,11.121,0,411.121
4,11.122,0,411.122
4,11.123,0,411.123
4,11.124,0,411.124
4,11.125,0,411.125
4,11.126,0,411.126
4,11.127,0,411.127
4,11.128,0,411.128
5,1.1,7,51.1
5,1.2,7,51.2
5,1.3,7,51.3
5,1.4,10,51.4
5,1.5,11,51.5
5,1.6,7,51.6
5,1.7,13,51.7
5,1.8,7,51.8
5,1.9,13,51.9
5,1.10,0,51.10
5,1.11,13,51.11
5,1.12,13,51.12
5,1.13,14,51.13
5,1.14,14,51.14
5,1.15,15,51.15
5,1.16,232,51.16
5,1.17,16,51.17
5,1.18,16,51.18
5,1.19,8,51.19
5,1.20,8,51.20
5,1.21,8,51.21
5,1.22,17,51.22
5,1.23,18,51.23
5,1.24,18,51.24
5,1.25,18,51.25
5,1.26,18,51.26
5,1.27,19,51.27
5,1.28,19,51.28
5,1.29,20,51.29
5,1.30,20,51.30
5,1.31,21,51.31
5,1.32,21,51.32
5,1.33,21,51.33
5,1.34,22,51.34
5,1.35,22,51.35
5,1.36,23,51.36
5,1.37,0,51.37
5,1.38,23,51.38
5,1.39,23,51.39
5,1.40,24,51.40
5,1.41,24,51.41
5,1.42,25,51.42
5,1.43,25,51.43
5,1.44,26,51.44
5,1.45,26,51.45
5,1.46,26,51.46
5,1.47,8,51.47
5,1.48,9,51.48
5,1.49,0,51.49
5,1.50,27,51.50
5,1.51,27,51.51
5,1.52,10,51.52
5,2.1,30,52.1
5,2.2,30,52.2
5,2.3,30,52.3
5,2.4,30,52.4
5,2.5,31,52.5
5,2.6,32,52.6
5,2.7,32,52.7
5,2.8,33,52.8
5,2.9,32,52.9
5,2.10,32,52.10
5,2.11,34,52.11
5,2.12,35,52.12
5,2.13,36,52.13
5,2.14,36,52.14
5,2.15,37,52.15
5,2.16,38,52.16
5,2.17,39,52.17
5,2.18,39,52.18
5,2.19,40,52.19
5,2.20,40,52.20
5,2.21,41,52.21
5,2.22,29,52.22
5,2.23,42,52.23
5,2.24,42,52.24
5,2.25,43,52.25
5,2.26,44,52.26
5,2.27,44,52.27
5,2.28,45,52.28
5,2.29,45,52.29
5,2.30,45,52.30
5,2.31,45,52.31
5,2.32,0,52.32
5,2.33,46,52.33
5,2.34,46,52.34
5,2.35,47,52.35
5,2.36,47,52.36
5,2.37,47,52.37
5,2.38,55,52.38
5,2.39,64,52.39
5,2.40,48,52.40
5,2.41,48,52.41
5,2.42,48,52.42
5,2.43,48,52.43
5,2.44,49,52.44
5,2.45,50,52.45
5,2.46,46,52.46
5,2.47,0,52.47
5,2.48,51,52.48
5,2.49,53,52.49
5,2.50,0,52.50
5,2.51,53,52.51
5,2.52,55,52.52
5,2.53,55,52.53
5,2.54,55,52.54
5,3.1,64,53.1
5,3.2,65,53.2
5,3.3,66,53.3
5,3.4,65,53.4
5,3.5,67,53.5
5,3.6,68,53.6
5,3.7,61,53.7
5,3.8,63,53.8
5,3.9,0,53.9
5,3.10,68,53.10
5,3.11,69,53.11
5,3.12,73,53.12
5,3.13,71,53.13
5,3.14,72,53.14
5,3.15,72,53.15
5,3.16,82,53.16
5,3.17,83,53.17
5,3.18,84,53.18
5,3.19,0,53.19
5,3.20,80,53.20
5,3.21,82,53.21
5,3.22,76,53.22
5,3.23,78,53.23
5,3.24,71,53.24
5,3.25,84,53.25
5,3.26,86,53.26
5,3.27,87,53.27
5,3.28,73,53.28
5,3.29,0,53.29
5,3.30,87,53.30
5,3.31,89,53.31
5,3.32,89,53.32
5,3.33,90,53.33
5,3.34,90,53.34
5,3.35,91,53.35
5,3.36,92,53.36
5,3.37,94,53.37
5,3.38,94,53.38
5,3.39,94,53.39
5,3.40,96,53.40
5,3.41,95,53.41
5,3.42,0,53.42
5,3.43,97,53.43
5,3.44,97,53.44
5,3.45,89,53.45
5,3.46,90,53.46
5,3.47,77,53.47
5,3.48,79,53.48
5,3.49,79,53.49
5,3.50,80,53.50
5,3.51,96,53.51
5,3.52,95,53.52
5,4.1,121,54.1
5,4.2,101,54.2
5,4.3,101,54.3
5,4.4,114,54.4
5,4.5,114,54.5
5,4.6,114,54.6
5,4.7,114,54.7
5,4.8,114,54.8
5,4.9,115,54.9
5,4.10,115,54.10
5,4.11,102,54.11
5,4.12,102,54.12
5,4.13,102,54.13
5,4.14,103,54.14
5,4.15,0,54.15
5,4.16,103,54.16
5,4.17,104,54.17
5,4.18,104,54.18
5,4.19,104,54.19
5,4.20,105,54.20
5,4.21,105,54.21
5,4.22,105,54.22
5,4.23,106,54.23
5,4.24,106,54.24
5,4.25,106,54.25
5,4.26,106,54.26
5,4.27,106,54.27
5,4.28,107,54.28
5,4.29,107,54.29
5,4.30,107,54.30
5,4.31,108,54.31
5,4.32,108,54.32
5,4.33,109,54.33
5,4.34,110,54.34
5,4.35,110,54.35
5,4.36,110,54.36
5,4.37,111,54.37
5,4.38,150,54.38
5,4.39,111,54.39
5,4.40,112,54.40
5,4.41,115,54.41
5,4.42,116,54.42
5,4.43,117,54.43
5,4.44,117,54.44
5,4.45,111,54.45
5,4.46,112,54.46
5,4.47,112,54.47
5,4.48,118,54.48
5,4.49,112,54.49
5,4.50,0,54.50
5,4.51,109,54.51
5,4.52,121,54.52
5,4.53,122,54.53
5,4.54,108,54.54
5,4.55,113,54.55
5,5.1,123,55.1
5,5.2,123,55.2
5,5.3,124,55.3
5,5.4,124,55.4
5,5.5,124,55.5
5,5.6,125,55.6
5,5.7,126,55.7
5,5.8,123,55.8
5,5.9,126,55.9
5,5.10,126,55.10
5,5.11,131,55.11
5,5.12,131,55.12
5,5.13,132,55.13
5,5.14,132,55.14
5,5.15,132,55.15
5,5.16,132,55.16
5,5.17,133,55.17
5,5.18,133,55.18
5,5.19,133,55.19
5,5.20,134,55.20
5,5.21,135,55.21
5,5.22,136,55.22
5,5.23,137,55.23
5,5.24,137,55.24
5,5.25,138,55.25
5,5.26,138,55.26
5,5.27,139,55.27
5,5.28,138,55.28
5,5.29,140,55.29
5,5.30,136,55.30
5,5.31,142,55.31
5,5.32,142,55.32
5,5.33,143,55.33
5,5.34,144,55.34
5,5.35,125,55.35
5,5.36,151,55.36
5,5.37,151,55.37
5,5.38,151,55.38
5,5.39,151,55.39
5,5.40,152,55.40
5,5.41,152,55.41
5,5.42,152,55.42
5,5.43,152,55.43
5,5.44,153,55.44
5,5.45,153,55.45
5,5.46,153,55.46
5,5.47,154,55.47
5,5.48,131,55.48
5,5.49,145,55.49
5,5.50,145,55.50
5,5.51,145,55.51
5,5.52,139,55.52
5,5.53,140,55.53
5,5.54,145,55.54
5,5.55,146,55.55
5,5.56,154,55.56
5,5.57,143,55.57
5,6.1,155,56.1
5,6.2,155,56.2
5,6.3,156,56.3
5,6.4,156,56.4
5,6.5,157,56.5
5,6.6,157,56.6
5,6.7,157,56.7
5,6.8,158,56.8
5,6.9,159,56.9
5,6.10,159,56.10
5,6.11,160,56.11
5,6.12,160,56.12
5,6.13,161,56.13
5,6.14,162,56.14
5,6.15,162,56.15
5,6.16,0,56.16
5,6.17,0,56.17
5,6.18,164,56.18
5,6.19,164,56.19
5,6.20,165,56.20
5,6.21,166,56.21
5,6.22,167,56.22
5,6.23,165,56.23
5,6.24,168,56.24
5,6.25,168,56.25
5,6.26,168,56.26
5,6.27,169,56.27
5,6.28,172,56.28
5,6.29,173,56.29
5,6.30,173,56.30
5,6.31,174,56.31
5,6.32,174,56.32
5,6.33,0,56.33
5,6.34,170,56.34
5,6.35,175,56.35
5,6.36,175,56.36
5,6.37,171,56.37
5,6.38,172,56.38
5,6.39,175,56.39
5,6.40,189,56.40
5,6.41,0,56.41
5,6.42,0,56.42
5,6.43,0,56.43
5,6.44,176,56.44
5,6.45,176,56.45
5,6.46,176,56.46
5,6.47,177,56.47
5,6.48,177,56.48
5,6.49,178,56.49
5,6.50,178,56.50
5,6.51,179,56.51
5,6.52,179,56.52
5,6.53,179,56.53
5,6.54,180,56.54
5,6.55,180,56.55
5,6.56,180,56.56
5,6.57,182,56.57
5,6.58,182,56.58
5,6.59,182,56.59
5,6.60,183,56.60
5,6.61,183,56.61
5,6.62,184,56.62
5,6.63,183,56.63
5,6.64,0,56.64
5,6.65,184,56.65
5,6.66,185,56.66
5,6.67,186,56.67
5,6.68,186,56.68
5,6.69,187,56.69
5,6.70,0,56.70
5,6.71,0,56.71
5,6.72,0,56.72
5,6.73,0,56.73
5,6.74,187,56.74
5,6.75,187,56.75
5,6.76,188,56.76
5,6.77,188,56.77
5,6.78,0,56.78
5,6.79,0,56.79
5,6.80,189,56.80
5,7.1,191,57.1
5,7.2,191,57.2
5,7.3,191,57.3
5,7.4,192,57.4
5,7.5,194,57.5
5,7.6,192,57.6
5,7.7,192,57.7
5,7.8,0,57.8
5,7.9,0,57.9
5,7.10,193,57.10
5,7.11,0,57.11
5,7.12,197,57.12
5,7.13,195,57.13
5,7.14,0,57.14
5,7.15,196,57.15
5,7.16,197,57.16
5,7.17,197,57.17
5,7.18,198,57.18
5,7.19,198,57.19
5,7.20,200,57.20
5,7.21,200,57.21
5,7.22,200,57.22
5,7.23,201,57.23
5,7.24,201,57.24
5,7.25,202,57.25
5,7.26,203,57.26
5,7.27,203,57.27
5,7.28,201,57.28
5,7.29,203,57.29
5,7.30,0,57.30
5,7.31,204,57.31
5,7.32,201,57.32
5,7.33,0,57.33
5,7.34,205,57.34
5,7.35,205,57.35
5,7.36,0,57.36
5,7.37,206,57.37
5,7.38,207,57.38
5,7.39,208,57.39
5,7.40,209,57.40
5,7.41,210,57.41
5,7.42,210,57.42
5,7.43,210,57.43
5,7.44,211,57.44
5,7.45,211,57.45
5,7.46,211,57.46
5,7.47,212,57.47
5,7.48,212,57.48
5,7.49,212,57.49
5,7.50,213,57.50
5,7.51,213,57.51
5,7.52,214,57.52
5,7.53,215,57.53
5,7.54,215,57.54
5,7.55,216,57.55
5,7.56,216,57.56
5,7.57,0,57.57
5,7.58,0,57.58
5,7.59,216,57.59
5,7.60,0,57.60
5,7.61,0,57.61
5,7.62,217,57.62
5,7.63,218,57.63
5,7.64,0,57.64
5,7.65,219,57.65
5,8.1,222,58.1
5,8.2,223,58.2
5,8.3,225,58.3
5,8.4,225,58.4
5,8.5,226,58.5
5,8.6,228,58.6
5,8.7,229,58.7
5,8.8,229,58.8
5,8.9,229,58.9
5,8.10,229,58.10
5,8.11,230,58.11
5,8.12,230,58.12
5,8.13,230,58.13
5,8.14,0,58.14
5,8.15,232,58.15
5,8.16,0,58.16
5,8.17,0,58.17
5,8.18,0,58.18
5,8.19,236,58.19
5,8.20,236,58.20
5,8.21,235,58.21
5,8.22,236,58.22
5,8.23,239,58.23
5,8.24,241,58.24
5,8.25,236,58.25
5,8.26,0,58.26
5,8.27,0,58.27
5,8.28,238,58.28
5,8.29,238,58.29
5,8.30,240,58.30
5,8.31,241,58.31
5,8.32,0,58.32
5,8.33,242,58.33
5,8.34,242,58.34
5,8.35,243,58.35
5,8.36,244,58.36
5,8.37,245,58.37
5,8.38,246,58.38
5,8.39,246,58.39
5,8.40,247,58.40
5,8.41,247,58.41
5,8.42,248,58.42
5,8.43,249,58.43
5,8.44,249,58.44
5,8.45,250,58.45
5,8.46,250,58.46
5,8.47,251,58.47
5,8.48,251,58.48
5,8.49,252,58.49
5,8.50,252,58.50
5,8.51,252,58.51
5,8.52,253,58.52
5,8.53,254,58.53
5,8.54,254,58.54
5,8.55,254,58.55
5,8.56,255,58.56
5,8.57,255,58.57
5,8.58,255,58.58
5,8.59,256,58.59
5,8.60,256,58.60
5,8.61,258,58.61
5,8.62,257,58.62
5,8.63,0,58.63
5,8.64,259,58.64
5,8.65,258,58.65
5,8.66,260,58.66
5,8.67,0,58.67
5,8.68,259,58.68
5,8.69,0,58.69
5,9.1,262,59.1
5,9.2,262,59.2
5,9.3,263,59.3
5,9.4,264,59.4
5,9.5,264,59.5
5,9.6,0,59.6
5,9.7,0,59.7
5,9.8,265,59.8
5,9.9,265,59.9
5,9.10,266,59.10
5,9.11,266,59.11
5,9.12,267,59.12
5,9.13,268,59.13
5,9.14,269,59.14
5,9.15,269,59.15
5,9.16,270,59.16
5,9.17,270,59.17
5,9.18,0,59.18
5,9.19,271,59.19
5,9.20,271,59.20
5,9.21,273,59.21
5,9.22,0,59.22
5,9.23,0,59.23
5,9.24,0,59.24
5,9.25,0,59.25
5,9.26,0,59.26
5,9.27,273,59.27
5,9.28,274,59.28
5,9.29,275,59.29
5,9.30,276,59.30
5,9.31,0,59.31
5,9.32,0,59.32
5,9.33,277,59.33
5,9.34,0,59.34
5,9.35,0,59.35
5,9.36,278,59.36
5,9.37,278,59.37
5,9.38,278,59.38
5,9.39,280,59.39
5,9.40,280,59.40
5,9.41,281,59.41
5,9.42,0,59.42
5,9.43,281,59.43
5,10.1,284,510.1
5,10.2,284,510.2
5,10.3,285,510.3
5,10.4,0,510.4
5,10.5,287,510.5
5,10.6,287,510.6
5,10.7,288,510.7
5,10.8,288,510.8
5,10.9,288,510.9
5,10.10,288,510.10
5,10.11,289,510.11
5,10.12,289,510.12
5,10.13,289,510.13
5,10.14,289,510.14
5,10.15,290,510.15
5,10.16,290,510.16
5,10.17,291,510.17
5,10.18,292,510.18
5,10.19,292,510.19
5,10.20,311,510.20
5,10.21,0,510.21
5,10.22,293,510.22
5,10.23,293,510.23
5,10.24,293,510.24
5,10.25,294,510.25
5,10.26,294,510.26
5,10.27,0,510.27
5,10.28,294,510.28
5,10.29,294,510.29
5,10.30,295,510.30
5,10.31,295,510.31
5,10.32,296,510.32
5,10.33,296,510.33
5,10.34,296,510.34
5,10.35,297,510.35
5,10.36,298,510.36
5,10.37,298,510.37
5,10.38,296,510.38
5,10.39,297,510.39
5,10.40,0,510.40
5,10.41,298,510.41
5,10.42,0,510.42
5,10.43,299,510.43
5,10.44,299,510.44
5,10.45,300,510.45
5,10.46,300,510.46
5,10.47,0,510.47
5,10.48,300,510.48
5,10.49,0,510.49
5,10.50,301,510.50
5,10.51,0,510.51
5,10.52,0,510.52
5,10.53,301,510.53
5,10.54,302,510.54
5,10.55,302,510.55
5,10.56,303,510.56
5,10.57,313,510.57
5,10.58,0,510.58
5,10.59,313,510.59
5,10.60,313,510.60
5,10.61,303,510.61
5,10.62,303,510.62
5,10.63,304,510.63
5,10.64,312,510.64
5,10.65,0,510.65
5,10.66,312,510.66
5,10.67,312,510.67
5,10.68,0,510.68
5,10.69,314,510.69
5,10.70,315,510.70
5,10.71,316,510.71
5,10.72,316,510.72
5,10.73,316,510.73
5,10.74,317,510.74
5,10.75,318,510.75
5,10.76,318,510.76
5,10.77,0,510.77
5,10.78,319,510.78
5,10.79,319,510.79
5,10.80,319,510.80
5,10.81,0,510.81
5,10.82,319,510.82
5,10.83,320,510.83
5,10.84,306,510.84
5,10.85,320,510.85
5,10.86,320,510.86
5,10.87,321,510.87
5,10.88,321,510.88
5,10.89,321,510.89
5,10.90,322,510.90
5,10.91,306,510.91
5,10.92,0,510.92
5,10.93,322,510.93
5,10.94,323,510.94
5,10.95,307,510.95
5,10.96,307,510.96
5,10.97,323,510.97
5,10.98,324,510.98
